Year,Measure,Sex,OrgCode,Admissions,Stand_Admissions_Rate
2019/20,FAE_Primary_Obesity,All persons,E06000001,45,47
2019/20,FAE_Primary_Obesity,All persons,E06000002,40,30
2019/20,FAE_Primary_Obesity,All persons,E06000003,40,32
2019/20,FAE_Primary_Obesity,All persons,E06000004,75,40
2019/20,FAE_Primary_Obesity,All persons,E06000005,15,15
2019/20,FAE_Primary_Obesity,All persons,E06000006,35,26
2019/20,FAE_Primary_Obesity,All persons,E06000007,50,25
2019/20,FAE_Primary_Obesity,All persons,E06000008,35,25
2019/20,FAE_Primary_Obesity,All persons,E06000009,20,15
2019/20,FAE_Primary_Obesity,All persons,E06000010,20,7
2019/20,FAE_Primary_Obesity,All persons,E06000011,30,9
2019/20,FAE_Primary_Obesity,All persons,E06000012,25,14
2019/20,FAE_Primary_Obesity,All persons,E06000013,30,17
2019/20,FAE_Primary_Obesity,All persons,E06000014,15,7
2019/20,FAE_Primary_Obesity,All persons,E06000015,30,12
2019/20,FAE_Primary_Obesity,All persons,E06000016,20,7
2019/20,FAE_Primary_Obesity,All persons,E06000017,,3
2019/20,FAE_Primary_Obesity,All persons,E06000018,25,8
2019/20,FAE_Primary_Obesity,All persons,E06000019,35,19
2019/20,FAE_Primary_Obesity,All persons,E06000020,75,43
2019/20,FAE_Primary_Obesity,All persons,E06000021,90,38
2019/20,FAE_Primary_Obesity,All persons,E06000022,20,11
2019/20,FAE_Primary_Obesity,All persons,E06000023,80,20
2019/20,FAE_Primary_Obesity,All persons,E06000024,35,18
2019/20,FAE_Primary_Obesity,All persons,E06000025,50,18
2019/20,FAE_Primary_Obesity,All persons,E06000026,80,33
2019/20,FAE_Primary_Obesity,All persons,E06000027,15,12
2019/20,FAE_Primary_Obesity,All persons,E06000030,25,10
2019/20,FAE_Primary_Obesity,All persons,E06000031,30,16
2019/20,FAE_Primary_Obesity,All persons,E06000032,90,40
2019/20,FAE_Primary_Obesity,All persons,E06000033,15,9
2019/20,FAE_Primary_Obesity,All persons,E06000034,35,22
2019/20,FAE_Primary_Obesity,All persons,E06000035,65,24
2019/20,FAE_Primary_Obesity,All persons,E06000036,15,13
2019/20,FAE_Primary_Obesity,All persons,E06000037,30,20
2019/20,FAE_Primary_Obesity,All persons,E06000038,35,22
2019/20,FAE_Primary_Obesity,All persons,E06000039,20,15
2019/20,FAE_Primary_Obesity,All persons,E06000040,15,9
2019/20,FAE_Primary_Obesity,All persons,E06000041,25,15
2019/20,FAE_Primary_Obesity,All persons,E06000042,55,20
2019/20,FAE_Primary_Obesity,All persons,E06000043,50,18
2019/20,FAE_Primary_Obesity,All persons,E06000044,75,39
2019/20,FAE_Primary_Obesity,All persons,E06000045,60,29
2019/20,FAE_Primary_Obesity,All persons,E06000046,20,13
2019/20,FAE_Primary_Obesity,All persons,E06000047,265,53
2019/20,FAE_Primary_Obesity,All persons,E06000049,25,7
2019/20,FAE_Primary_Obesity,All persons,E06000050,30,10
2019/20,FAE_Primary_Obesity,All persons,E06000051,60,19
2019/20,FAE_Primary_Obesity,All persons,E06000052,155,29
2019/20,FAE_Primary_Obesity,All persons,E06000053,,30
2019/20,FAE_Primary_Obesity,All persons,E06000054,65,13
2019/20,FAE_Primary_Obesity,All persons,E06000055,30,17
2019/20,FAE_Primary_Obesity,All persons,E06000056,35,12
2019/20,FAE_Primary_Obesity,All persons,E06000057,70,23
2019/20,FAE_Primary_Obesity,All persons,E06000058,60,16
2019/20,FAE_Primary_Obesity,All persons,E06000059,55,17
2019/20,FAE_Primary_Obesity,All persons,E08000001,50,19
2019/20,FAE_Primary_Obesity,All persons,E08000002,20,9
2019/20,FAE_Primary_Obesity,All persons,E08000003,100,19
2019/20,FAE_Primary_Obesity,All persons,E08000004,30,12
2019/20,FAE_Primary_Obesity,All persons,E08000005,35,15
2019/20,FAE_Primary_Obesity,All persons,E08000006,25,10
2019/20,FAE_Primary_Obesity,All persons,E08000007,20,8
2019/20,FAE_Primary_Obesity,All persons,E08000008,30,13
2019/20,FAE_Primary_Obesity,All persons,E08000009,20,8
2019/20,FAE_Primary_Obesity,All persons,E08000010,40,12
2019/20,FAE_Primary_Obesity,All persons,E08000011,60,43
2019/20,FAE_Primary_Obesity,All persons,E08000012,120,26
2019/20,FAE_Primary_Obesity,All persons,E08000013,20,12
2019/20,FAE_Primary_Obesity,All persons,E08000014,60,22
2019/20,FAE_Primary_Obesity,All persons,E08000015,20,6
2019/20,FAE_Primary_Obesity,All persons,E08000016,70,28
2019/20,FAE_Primary_Obesity,All persons,E08000017,140,46
2019/20,FAE_Primary_Obesity,All persons,E08000018,40,15
2019/20,FAE_Primary_Obesity,All persons,E08000019,75,14
2019/20,FAE_Primary_Obesity,All persons,E08000021,55,23
2019/20,FAE_Primary_Obesity,All persons,E08000022,45,23
2019/20,FAE_Primary_Obesity,All persons,E08000023,135,93
2019/20,FAE_Primary_Obesity,All persons,E08000024,270,99
2019/20,FAE_Primary_Obesity,All persons,E08000025,315,32
2019/20,FAE_Primary_Obesity,All persons,E08000026,65,21
2019/20,FAE_Primary_Obesity,All persons,E08000027,45,15
2019/20,FAE_Primary_Obesity,All persons,E08000028,105,34
2019/20,FAE_Primary_Obesity,All persons,E08000029,60,28
2019/20,FAE_Primary_Obesity,All persons,E08000030,65,25
2019/20,FAE_Primary_Obesity,All persons,E08000031,60,24
2019/20,FAE_Primary_Obesity,All persons,E08000032,55,11
2019/20,FAE_Primary_Obesity,All persons,E08000033,60,29
2019/20,FAE_Primary_Obesity,All persons,E08000034,35,9
2019/20,FAE_Primary_Obesity,All persons,E08000035,35,5
2019/20,FAE_Primary_Obesity,All persons,E08000036,30,8
2019/20,FAE_Primary_Obesity,All persons,E08000037,110,55
2019/20,FAE_Primary_Obesity,All persons,E09000001,,16
2019/20,FAE_Primary_Obesity,All persons,E09000002,50,24
2019/20,FAE_Primary_Obesity,All persons,E09000003,80,21
2019/20,FAE_Primary_Obesity,All persons,E09000004,105,43
2019/20,FAE_Primary_Obesity,All persons,E09000005,105,34
2019/20,FAE_Primary_Obesity,All persons,E09000006,85,27
2019/20,FAE_Primary_Obesity,All persons,E09000007,50,21
2019/20,FAE_Primary_Obesity,All persons,E09000008,110,29
2019/20,FAE_Primary_Obesity,All persons,E09000009,125,39
2019/20,FAE_Primary_Obesity,All persons,E09000010,80,24
2019/20,FAE_Primary_Obesity,All persons,E09000011,105,41
2019/20,FAE_Primary_Obesity,All persons,E09000012,75,28
2019/20,FAE_Primary_Obesity,All persons,E09000013,45,26
2019/20,FAE_Primary_Obesity,All persons,E09000014,65,26
2019/20,FAE_Primary_Obesity,All persons,E09000015,50,21
2019/20,FAE_Primary_Obesity,All persons,E09000016,35,14
2019/20,FAE_Primary_Obesity,All persons,E09000017,105,38
2019/20,FAE_Primary_Obesity,All persons,E09000018,90,37
2019/20,FAE_Primary_Obesity,All persons,E09000019,60,27
2019/20,FAE_Primary_Obesity,All persons,E09000020,40,23
2019/20,FAE_Primary_Obesity,All persons,E09000021,45,28
2019/20,FAE_Primary_Obesity,All persons,E09000022,145,49
2019/20,FAE_Primary_Obesity,All persons,E09000023,185,62
2019/20,FAE_Primary_Obesity,All persons,E09000024,50,24
2019/20,FAE_Primary_Obesity,All persons,E09000025,65,19
2019/20,FAE_Primary_Obesity,All persons,E09000026,40,14
2019/20,FAE_Primary_Obesity,All persons,E09000027,25,14
2019/20,FAE_Primary_Obesity,All persons,E09000028,200,70
2019/20,FAE_Primary_Obesity,All persons,E09000029,45,22
2019/20,FAE_Primary_Obesity,All persons,E09000030,40,15
2019/20,FAE_Primary_Obesity,All persons,E09000031,55,21
2019/20,FAE_Primary_Obesity,All persons,E09000032,70,26
2019/20,FAE_Primary_Obesity,All persons,E09000033,55,22
2019/20,FAE_Primary_Obesity,All persons,E10000002,50,9
2019/20,FAE_Primary_Obesity,All persons,E10000003,75,12
2019/20,FAE_Primary_Obesity,All persons,E10000006,70,15
2019/20,FAE_Primary_Obesity,All persons,E10000007,105,13
2019/20,FAE_Primary_Obesity,All persons,E10000008,75,10
2019/20,FAE_Primary_Obesity,All persons,E10000011,125,24
2019/20,FAE_Primary_Obesity,All persons,E10000012,120,8
2019/20,FAE_Primary_Obesity,All persons,E10000013,60,9
2019/20,FAE_Primary_Obesity,All persons,E10000014,285,21
2019/20,FAE_Primary_Obesity,All persons,E10000015,185,16
2019/20,FAE_Primary_Obesity,All persons,E10000016,320,21
2019/20,FAE_Primary_Obesity,All persons,E10000017,190,16
2019/20,FAE_Primary_Obesity,All persons,E10000018,40,6
2019/20,FAE_Primary_Obesity,All persons,E10000019,70,10
2019/20,FAE_Primary_Obesity,All persons,E10000020,150,17
2019/20,FAE_Primary_Obesity,All persons,E10000021,110,15
2019/20,FAE_Primary_Obesity,All persons,E10000023,60,10
2019/20,FAE_Primary_Obesity,All persons,E10000024,75,9
2019/20,FAE_Primary_Obesity,All persons,E10000025,70,10
2019/20,FAE_Primary_Obesity,All persons,E10000027,110,21
2019/20,FAE_Primary_Obesity,All persons,E10000028,180,21
2019/20,FAE_Primary_Obesity,All persons,E10000029,65,9
2019/20,FAE_Primary_Obesity,All persons,E10000030,245,21
2019/20,FAE_Primary_Obesity,All persons,E10000031,100,17
2019/20,FAE_Primary_Obesity,All persons,E10000032,185,23
2019/20,FAE_Primary_Obesity,All persons,E10000034,105,18
2019/20,FAE_Primary_Obesity,All persons,E12000001,1165,46
2019/20,FAE_Primary_Obesity,All persons,E12000002,1105,15
2019/20,FAE_Primary_Obesity,All persons,E12000003,715,13
2019/20,FAE_Primary_Obesity,All persons,E12000004,480,10
2019/20,FAE_Primary_Obesity,All persons,E12000005,1365,24
2019/20,FAE_Primary_Obesity,All persons,E12000006,840,14
2019/20,FAE_Primary_Obesity,All persons,E12000007,2485,29
2019/20,FAE_Primary_Obesity,All persons,E12000008,1745,20
2019/20,FAE_Primary_Obesity,All persons,E12000009,885,17
2019/20,FAE_Primary_Obesity,All persons,E92000001,10780,19.7
2019/20,FAE_Primary_Obesity,Female,E06000001,30,66
2019/20,FAE_Primary_Obesity,Female,E06000002,25,36
2019/20,FAE_Primary_Obesity,Female,E06000003,35,52
2019/20,FAE_Primary_Obesity,Female,E06000004,60,60
2019/20,FAE_Primary_Obesity,Female,E06000005,15,26
2019/20,FAE_Primary_Obesity,Female,E06000006,25,36
2019/20,FAE_Primary_Obesity,Female,E06000007,40,39
2019/20,FAE_Primary_Obesity,Female,E06000008,30,40
2019/20,FAE_Primary_Obesity,Female,E06000009,15,21
2019/20,FAE_Primary_Obesity,Female,E06000010,10,9
2019/20,FAE_Primary_Obesity,Female,E06000011,20,12
2019/20,FAE_Primary_Obesity,Female,E06000012,15,20
2019/20,FAE_Primary_Obesity,Female,E06000013,20,24
2019/20,FAE_Primary_Obesity,Female,E06000014,15,13
2019/20,FAE_Primary_Obesity,Female,E06000015,25,20
2019/20,FAE_Primary_Obesity,Female,E06000016,20,11
2019/20,FAE_Primary_Obesity,Female,E06000017,,7
2019/20,FAE_Primary_Obesity,Female,E06000018,20,14
2019/20,FAE_Primary_Obesity,Female,E06000019,25,28
2019/20,FAE_Primary_Obesity,Female,E06000020,55,61
2019/20,FAE_Primary_Obesity,Female,E06000021,65,52
2019/20,FAE_Primary_Obesity,Female,E06000022,15,17
2019/20,FAE_Primary_Obesity,Female,E06000023,60,31
2019/20,FAE_Primary_Obesity,Female,E06000024,30,28
2019/20,FAE_Primary_Obesity,Female,E06000025,35,27
2019/20,FAE_Primary_Obesity,Female,E06000026,60,48
2019/20,FAE_Primary_Obesity,Female,E06000027,10,16
2019/20,FAE_Primary_Obesity,Female,E06000030,20,16
2019/20,FAE_Primary_Obesity,Female,E06000031,25,25
2019/20,FAE_Primary_Obesity,Female,E06000032,55,51
2019/20,FAE_Primary_Obesity,Female,E06000033,15,14
2019/20,FAE_Primary_Obesity,Female,E06000034,25,30
2019/20,FAE_Primary_Obesity,Female,E06000035,45,35
2019/20,FAE_Primary_Obesity,Female,E06000036,15,23
2019/20,FAE_Primary_Obesity,Female,E06000037,25,29
2019/20,FAE_Primary_Obesity,Female,E06000038,30,39
2019/20,FAE_Primary_Obesity,Female,E06000039,15,23
2019/20,FAE_Primary_Obesity,Female,E06000040,10,11
2019/20,FAE_Primary_Obesity,Female,E06000041,15,20
2019/20,FAE_Primary_Obesity,Female,E06000042,40,27
2019/20,FAE_Primary_Obesity,Female,E06000043,35,23
2019/20,FAE_Primary_Obesity,Female,E06000044,55,54
2019/20,FAE_Primary_Obesity,Female,E06000045,45,46
2019/20,FAE_Primary_Obesity,Female,E06000046,15,24
2019/20,FAE_Primary_Obesity,Female,E06000047,205,79
2019/20,FAE_Primary_Obesity,Female,E06000049,20,11
2019/20,FAE_Primary_Obesity,Female,E06000050,25,15
2019/20,FAE_Primary_Obesity,Female,E06000051,45,31
2019/20,FAE_Primary_Obesity,Female,E06000052,125,45
2019/20,FAE_Primary_Obesity,Female,E06000053,,53
2019/20,FAE_Primary_Obesity,Female,E06000054,50,20
2019/20,FAE_Primary_Obesity,Female,E06000055,20,21
2019/20,FAE_Primary_Obesity,Female,E06000056,25,16
2019/20,FAE_Primary_Obesity,Female,E06000057,55,36
2019/20,FAE_Primary_Obesity,Female,E06000058,45,25
2019/20,FAE_Primary_Obesity,Female,E06000059,45,26
2019/20,FAE_Primary_Obesity,Female,E08000001,35,26
2019/20,FAE_Primary_Obesity,Female,E08000002,15,16
2019/20,FAE_Primary_Obesity,Female,E08000003,55,22
2019/20,FAE_Primary_Obesity,Female,E08000004,20,16
2019/20,FAE_Primary_Obesity,Female,E08000005,25,22
2019/20,FAE_Primary_Obesity,Female,E08000006,15,15
2019/20,FAE_Primary_Obesity,Female,E08000007,20,13
2019/20,FAE_Primary_Obesity,Female,E08000008,20,17
2019/20,FAE_Primary_Obesity,Female,E08000009,10,8
2019/20,FAE_Primary_Obesity,Female,E08000010,30,18
2019/20,FAE_Primary_Obesity,Female,E08000011,45,57
2019/20,FAE_Primary_Obesity,Female,E08000012,105,47
2019/20,FAE_Primary_Obesity,Female,E08000013,20,22
2019/20,FAE_Primary_Obesity,Female,E08000014,35,26
2019/20,FAE_Primary_Obesity,Female,E08000015,15,9
2019/20,FAE_Primary_Obesity,Female,E08000016,50,41
2019/20,FAE_Primary_Obesity,Female,E08000017,105,70
2019/20,FAE_Primary_Obesity,Female,E08000018,30,24
2019/20,FAE_Primary_Obesity,Female,E08000019,55,19
2019/20,FAE_Primary_Obesity,Female,E08000021,40,32
2019/20,FAE_Primary_Obesity,Female,E08000022,35,33
2019/20,FAE_Primary_Obesity,Female,E08000023,100,137
2019/20,FAE_Primary_Obesity,Female,E08000024,205,148
2019/20,FAE_Primary_Obesity,Female,E08000025,255,52
2019/20,FAE_Primary_Obesity,Female,E08000026,50,32
2019/20,FAE_Primary_Obesity,Female,E08000027,30,18
2019/20,FAE_Primary_Obesity,Female,E08000028,90,57
2019/20,FAE_Primary_Obesity,Female,E08000029,45,41
2019/20,FAE_Primary_Obesity,Female,E08000030,50,36
2019/20,FAE_Primary_Obesity,Female,E08000031,45,38
2019/20,FAE_Primary_Obesity,Female,E08000032,45,18
2019/20,FAE_Primary_Obesity,Female,E08000033,50,48
2019/20,FAE_Primary_Obesity,Female,E08000034,30,14
2019/20,FAE_Primary_Obesity,Female,E08000035,20,6
2019/20,FAE_Primary_Obesity,Female,E08000036,20,13
2019/20,FAE_Primary_Obesity,Female,E08000037,85,86
2019/20,FAE_Primary_Obesity,Female,E09000001,,30
2019/20,FAE_Primary_Obesity,Female,E09000002,40,38
2019/20,FAE_Primary_Obesity,Female,E09000003,50,25
2019/20,FAE_Primary_Obesity,Female,E09000004,85,67
2019/20,FAE_Primary_Obesity,Female,E09000005,85,57
2019/20,FAE_Primary_Obesity,Female,E09000006,65,39
2019/20,FAE_Primary_Obesity,Female,E09000007,35,32
2019/20,FAE_Primary_Obesity,Female,E09000008,80,42
2019/20,FAE_Primary_Obesity,Female,E09000009,90,56
2019/20,FAE_Primary_Obesity,Female,E09000010,65,37
2019/20,FAE_Primary_Obesity,Female,E09000011,80,61
2019/20,FAE_Primary_Obesity,Female,E09000012,65,49
2019/20,FAE_Primary_Obesity,Female,E09000013,30,33
2019/20,FAE_Primary_Obesity,Female,E09000014,55,42
2019/20,FAE_Primary_Obesity,Female,E09000015,35,28
2019/20,FAE_Primary_Obesity,Female,E09000016,25,19
2019/20,FAE_Primary_Obesity,Female,E09000017,70,50
2019/20,FAE_Primary_Obesity,Female,E09000018,60,50
2019/20,FAE_Primary_Obesity,Female,E09000019,45,40
2019/20,FAE_Primary_Obesity,Female,E09000020,30,36
2019/20,FAE_Primary_Obesity,Female,E09000021,30,34
2019/20,FAE_Primary_Obesity,Female,E09000022,120,79
2019/20,FAE_Primary_Obesity,Female,E09000023,150,95
2019/20,FAE_Primary_Obesity,Female,E09000024,35,34
2019/20,FAE_Primary_Obesity,Female,E09000025,50,32
2019/20,FAE_Primary_Obesity,Female,E09000026,25,18
2019/20,FAE_Primary_Obesity,Female,E09000027,15,17
2019/20,FAE_Primary_Obesity,Female,E09000028,160,109
2019/20,FAE_Primary_Obesity,Female,E09000029,20,20
2019/20,FAE_Primary_Obesity,Female,E09000030,30,22
2019/20,FAE_Primary_Obesity,Female,E09000031,40,30
2019/20,FAE_Primary_Obesity,Female,E09000032,45,30
2019/20,FAE_Primary_Obesity,Female,E09000033,30,22
2019/20,FAE_Primary_Obesity,Female,E10000002,30,11
2019/20,FAE_Primary_Obesity,Female,E10000003,55,18
2019/20,FAE_Primary_Obesity,Female,E10000006,60,26
2019/20,FAE_Primary_Obesity,Female,E10000007,85,21
2019/20,FAE_Primary_Obesity,Female,E10000008,55,16
2019/20,FAE_Primary_Obesity,Female,E10000011,95,36
2019/20,FAE_Primary_Obesity,Female,E10000012,95,13
2019/20,FAE_Primary_Obesity,Female,E10000013,45,14
2019/20,FAE_Primary_Obesity,Female,E10000014,220,33
2019/20,FAE_Primary_Obesity,Female,E10000015,130,22
2019/20,FAE_Primary_Obesity,Female,E10000016,225,29
2019/20,FAE_Primary_Obesity,Female,E10000017,150,25
2019/20,FAE_Primary_Obesity,Female,E10000018,25,8
2019/20,FAE_Primary_Obesity,Female,E10000019,55,16
2019/20,FAE_Primary_Obesity,Female,E10000020,120,26
2019/20,FAE_Primary_Obesity,Female,E10000021,90,25
2019/20,FAE_Primary_Obesity,Female,E10000023,45,15
2019/20,FAE_Primary_Obesity,Female,E10000024,60,14
2019/20,FAE_Primary_Obesity,Female,E10000025,50,15
2019/20,FAE_Primary_Obesity,Female,E10000027,85,31
2019/20,FAE_Primary_Obesity,Female,E10000028,140,33
2019/20,FAE_Primary_Obesity,Female,E10000029,45,12
2019/20,FAE_Primary_Obesity,Female,E10000030,180,30
2019/20,FAE_Primary_Obesity,Female,E10000031,70,25
2019/20,FAE_Primary_Obesity,Female,E10000032,145,35
2019/20,FAE_Primary_Obesity,Female,E10000034,80,28
2019/20,FAE_Primary_Obesity,Female,E12000001,885,68
2019/20,FAE_Primary_Obesity,Female,E12000002,830,23
2019/20,FAE_Primary_Obesity,Female,E12000003,535,20
2019/20,FAE_Primary_Obesity,Female,E12000004,380,16
2019/20,FAE_Primary_Obesity,Female,E12000005,1040,37
2019/20,FAE_Primary_Obesity,Female,E12000006,605,19
2019/20,FAE_Primary_Obesity,Female,E12000007,1840,42
2019/20,FAE_Primary_Obesity,Female,E12000008,1290,29
2019/20,FAE_Primary_Obesity,Female,E12000009,680,25
2019/20,FAE_Primary_Obesity,Female,E92000001,8084,29.3
2019/20,FAE_Primary_Obesity,Male,E06000001,10,27
2019/20,FAE_Primary_Obesity,Male,E06000002,15,24
2019/20,FAE_Primary_Obesity,Male,E06000003,,11
2019/20,FAE_Primary_Obesity,Male,E06000004,20,19
2019/20,FAE_Primary_Obesity,Male,E06000005,,4
2019/20,FAE_Primary_Obesity,Male,E06000006,10,17
2019/20,FAE_Primary_Obesity,Male,E06000007,10,11
2019/20,FAE_Primary_Obesity,Male,E06000008,,10
2019/20,FAE_Primary_Obesity,Male,E06000009,,9
2019/20,FAE_Primary_Obesity,Male,E06000010,,5
2019/20,FAE_Primary_Obesity,Male,E06000011,10,6
2019/20,FAE_Primary_Obesity,Male,E06000012,,9
2019/20,FAE_Primary_Obesity,Male,E06000013,10,11
2019/20,FAE_Primary_Obesity,Male,E06000014,,2
2019/20,FAE_Primary_Obesity,Male,E06000015,,4
2019/20,FAE_Primary_Obesity,Male,E06000016,,2
2019/20,FAE_Primary_Obesity,Male,E06000017,0,0
2019/20,FAE_Primary_Obesity,Male,E06000018,,3
2019/20,FAE_Primary_Obesity,Male,E06000019,10,10
2019/20,FAE_Primary_Obesity,Male,E06000020,20,25
2019/20,FAE_Primary_Obesity,Male,E06000021,30,24
2019/20,FAE_Primary_Obesity,Male,E06000022,,5
2019/20,FAE_Primary_Obesity,Male,E06000023,20,10
2019/20,FAE_Primary_Obesity,Male,E06000024,,7
2019/20,FAE_Primary_Obesity,Male,E06000025,10,8
2019/20,FAE_Primary_Obesity,Male,E06000026,20,19
2019/20,FAE_Primary_Obesity,Male,E06000027,,7
2019/20,FAE_Primary_Obesity,Male,E06000030,,4
2019/20,FAE_Primary_Obesity,Male,E06000031,,8
2019/20,FAE_Primary_Obesity,Male,E06000032,35,30
2019/20,FAE_Primary_Obesity,Male,E06000033,,3
2019/20,FAE_Primary_Obesity,Male,E06000034,10,13
2019/20,FAE_Primary_Obesity,Male,E06000035,15,13
2019/20,FAE_Primary_Obesity,Male,E06000036,,3
2019/20,FAE_Primary_Obesity,Male,E06000037,10,10
2019/20,FAE_Primary_Obesity,Male,E06000038,,6
2019/20,FAE_Primary_Obesity,Male,E06000039,,7
2019/20,FAE_Primary_Obesity,Male,E06000040,,6
2019/20,FAE_Primary_Obesity,Male,E06000041,10,9
2019/20,FAE_Primary_Obesity,Male,E06000042,20,14
2019/20,FAE_Primary_Obesity,Male,E06000043,20,13
2019/20,FAE_Primary_Obesity,Male,E06000044,25,24
2019/20,FAE_Primary_Obesity,Male,E06000045,15,12
2019/20,FAE_Primary_Obesity,Male,E06000046,,2
2019/20,FAE_Primary_Obesity,Male,E06000047,65,25
2019/20,FAE_Primary_Obesity,Male,E06000049,,3
2019/20,FAE_Primary_Obesity,Male,E06000050,,3
2019/20,FAE_Primary_Obesity,Male,E06000051,15,8
2019/20,FAE_Primary_Obesity,Male,E06000052,30,12
2019/20,FAE_Primary_Obesity,Male,E06000053,0,0
2019/20,FAE_Primary_Obesity,Male,E06000054,15,6
2019/20,FAE_Primary_Obesity,Male,E06000055,10,12
2019/20,FAE_Primary_Obesity,Male,E06000056,15,9
2019/20,FAE_Primary_Obesity,Male,E06000057,15,9
2019/20,FAE_Primary_Obesity,Male,E06000058,15,7
2019/20,FAE_Primary_Obesity,Male,E06000059,10,7
2019/20,FAE_Primary_Obesity,Male,E08000001,15,11
2019/20,FAE_Primary_Obesity,Male,E08000002,,2
2019/20,FAE_Primary_Obesity,Male,E08000003,45,16
2019/20,FAE_Primary_Obesity,Male,E08000004,10,9
2019/20,FAE_Primary_Obesity,Male,E08000005,10,8
2019/20,FAE_Primary_Obesity,Male,E08000006,,5
2019/20,FAE_Primary_Obesity,Male,E08000007,,2
2019/20,FAE_Primary_Obesity,Male,E08000008,10,9
2019/20,FAE_Primary_Obesity,Male,E08000009,10,7
2019/20,FAE_Primary_Obesity,Male,E08000010,10,7
2019/20,FAE_Primary_Obesity,Male,E08000011,20,27
2019/20,FAE_Primary_Obesity,Male,E08000012,10,6
2019/20,FAE_Primary_Obesity,Male,E08000013,,2
2019/20,FAE_Primary_Obesity,Male,E08000014,20,17
2019/20,FAE_Primary_Obesity,Male,E08000015,,3
2019/20,FAE_Primary_Obesity,Male,E08000016,20,15
2019/20,FAE_Primary_Obesity,Male,E08000017,35,23
2019/20,FAE_Primary_Obesity,Male,E08000018,10,6
2019/20,FAE_Primary_Obesity,Male,E08000019,25,8
2019/20,FAE_Primary_Obesity,Male,E08000021,15,14
2019/20,FAE_Primary_Obesity,Male,E08000022,10,11
2019/20,FAE_Primary_Obesity,Male,E08000023,35,47
2019/20,FAE_Primary_Obesity,Male,E08000024,60,47
2019/20,FAE_Primary_Obesity,Male,E08000025,60,11
2019/20,FAE_Primary_Obesity,Male,E08000026,15,11
2019/20,FAE_Primary_Obesity,Male,E08000027,20,12
2019/20,FAE_Primary_Obesity,Male,E08000028,15,10
2019/20,FAE_Primary_Obesity,Male,E08000029,15,14
2019/20,FAE_Primary_Obesity,Male,E08000030,15,13
2019/20,FAE_Primary_Obesity,Male,E08000031,15,11
2019/20,FAE_Primary_Obesity,Male,E08000032,10,3
2019/20,FAE_Primary_Obesity,Male,E08000033,10,10
2019/20,FAE_Primary_Obesity,Male,E08000034,,3
2019/20,FAE_Primary_Obesity,Male,E08000035,15,4
2019/20,FAE_Primary_Obesity,Male,E08000036,,4
2019/20,FAE_Primary_Obesity,Male,E08000037,25,24
2019/20,FAE_Primary_Obesity,Male,E09000001,0,0
2019/20,FAE_Primary_Obesity,Male,E09000002,10,10
2019/20,FAE_Primary_Obesity,Male,E09000003,35,18
2019/20,FAE_Primary_Obesity,Male,E09000004,20,18
2019/20,FAE_Primary_Obesity,Male,E09000005,15,11
2019/20,FAE_Primary_Obesity,Male,E09000006,20,14
2019/20,FAE_Primary_Obesity,Male,E09000007,15,10
2019/20,FAE_Primary_Obesity,Male,E09000008,30,16
2019/20,FAE_Primary_Obesity,Male,E09000009,35,22
2019/20,FAE_Primary_Obesity,Male,E09000010,20,10
2019/20,FAE_Primary_Obesity,Male,E09000011,25,21
2019/20,FAE_Primary_Obesity,Male,E09000012,10,7
2019/20,FAE_Primary_Obesity,Male,E09000013,15,19
2019/20,FAE_Primary_Obesity,Male,E09000014,15,9
2019/20,FAE_Primary_Obesity,Male,E09000015,15,14
2019/20,FAE_Primary_Obesity,Male,E09000016,10,8
2019/20,FAE_Primary_Obesity,Male,E09000017,35,27
2019/20,FAE_Primary_Obesity,Male,E09000018,25,23
2019/20,FAE_Primary_Obesity,Male,E09000019,15,15
2019/20,FAE_Primary_Obesity,Male,E09000020,10,11
2019/20,FAE_Primary_Obesity,Male,E09000021,15,22
2019/20,FAE_Primary_Obesity,Male,E09000022,30,21
2019/20,FAE_Primary_Obesity,Male,E09000023,35,28
2019/20,FAE_Primary_Obesity,Male,E09000024,15,15
2019/20,FAE_Primary_Obesity,Male,E09000025,10,8
2019/20,FAE_Primary_Obesity,Male,E09000026,15,9
2019/20,FAE_Primary_Obesity,Male,E09000027,10,12
2019/20,FAE_Primary_Obesity,Male,E09000028,40,30
2019/20,FAE_Primary_Obesity,Male,E09000029,25,24
2019/20,FAE_Primary_Obesity,Male,E09000030,10,9
2019/20,FAE_Primary_Obesity,Male,E09000031,15,13
2019/20,FAE_Primary_Obesity,Male,E09000032,25,22
2019/20,FAE_Primary_Obesity,Male,E09000033,25,22
2019/20,FAE_Primary_Obesity,Male,E10000002,20,8
2019/20,FAE_Primary_Obesity,Male,E10000003,20,7
2019/20,FAE_Primary_Obesity,Male,E10000006,10,5
2019/20,FAE_Primary_Obesity,Male,E10000007,20,5
2019/20,FAE_Primary_Obesity,Male,E10000008,20,5
2019/20,FAE_Primary_Obesity,Male,E10000011,25,11
2019/20,FAE_Primary_Obesity,Male,E10000012,25,4
2019/20,FAE_Primary_Obesity,Male,E10000013,15,5
2019/20,FAE_Primary_Obesity,Male,E10000014,60,9
2019/20,FAE_Primary_Obesity,Male,E10000015,55,10
2019/20,FAE_Primary_Obesity,Male,E10000016,95,13
2019/20,FAE_Primary_Obesity,Male,E10000017,40,7
2019/20,FAE_Primary_Obesity,Male,E10000018,10,3
2019/20,FAE_Primary_Obesity,Male,E10000019,15,4
2019/20,FAE_Primary_Obesity,Male,E10000020,30,7
2019/20,FAE_Primary_Obesity,Male,E10000021,20,5
2019/20,FAE_Primary_Obesity,Male,E10000023,15,5
2019/20,FAE_Primary_Obesity,Male,E10000024,15,4
2019/20,FAE_Primary_Obesity,Male,E10000025,20,6
2019/20,FAE_Primary_Obesity,Male,E10000027,25,10
2019/20,FAE_Primary_Obesity,Male,E10000028,40,10
2019/20,FAE_Primary_Obesity,Male,E10000029,20,6
2019/20,FAE_Primary_Obesity,Male,E10000030,65,11
2019/20,FAE_Primary_Obesity,Male,E10000031,25,9
2019/20,FAE_Primary_Obesity,Male,E10000032,40,9
2019/20,FAE_Primary_Obesity,Male,E10000034,25,8
2019/20,FAE_Primary_Obesity,Male,E12000001,280,22
2019/20,FAE_Primary_Obesity,Male,E12000002,275,8
2019/20,FAE_Primary_Obesity,Male,E12000003,180,7
2019/20,FAE_Primary_Obesity,Male,E12000004,100,4
2019/20,FAE_Primary_Obesity,Male,E12000005,320,11
2019/20,FAE_Primary_Obesity,Male,E12000006,235,8
2019/20,FAE_Primary_Obesity,Male,E12000007,645,16
2019/20,FAE_Primary_Obesity,Male,E12000008,455,10
2019/20,FAE_Primary_Obesity,Male,E12000009,205,8
2019/20,FAE_Primary_Obesity,Male,E92000001,2694,9.9
2019/20,FAE_PrimarySecondary_Obesity,All persons,E06000001,1950,2116
2019/20,FAE_PrimarySecondary_Obesity,All persons,E06000002,980,772
2019/20,FAE_PrimarySecondary_Obesity,All persons,E06000003,875,626
2019/20,FAE_PrimarySecondary_Obesity,All persons,E06000004,3320,1730
2019/20,FAE_PrimarySecondary_Obesity,All persons,E06000005,2115,1998
2019/20,FAE_PrimarySecondary_Obesity,All persons,E06000006,2740,2151
2019/20,FAE_PrimarySecondary_Obesity,All persons,E06000007,3730,1796
2019/20,FAE_PrimarySecondary_Obesity,All persons,E06000008,4070,3025
2019/20,FAE_PrimarySecondary_Obesity,All persons,E06000009,3620,2623
2019/20,FAE_PrimarySecondary_Obesity,All persons,E06000010,3290,1303
2019/20,FAE_PrimarySecondary_Obesity,All persons,E06000011,6320,1707
2019/20,FAE_PrimarySecondary_Obesity,All persons,E06000012,2615,1647
2019/20,FAE_PrimarySecondary_Obesity,All persons,E06000013,2140,1202
2019/20,FAE_PrimarySecondary_Obesity,All persons,E06000014,7060,3493
2019/20,FAE_PrimarySecondary_Obesity,All persons,E06000015,7515,3182
2019/20,FAE_PrimarySecondary_Obesity,All persons,E06000016,5790,1876
2019/20,FAE_PrimarySecondary_Obesity,All persons,E06000017,480,1176
2019/20,FAE_PrimarySecondary_Obesity,All persons,E06000018,8780,3145
2019/20,FAE_PrimarySecondary_Obesity,All persons,E06000019,3555,1799
2019/20,FAE_PrimarySecondary_Obesity,All persons,E06000020,4165,2443
2019/20,FAE_PrimarySecondary_Obesity,All persons,E06000021,8200,3216
2019/20,FAE_PrimarySecondary_Obesity,All persons,E06000022,2715,1470
2019/20,FAE_PrimarySecondary_Obesity,All persons,E06000023,9590,2305
2019/20,FAE_PrimarySecondary_Obesity,All persons,E06000024,3770,1818
2019/20,FAE_PrimarySecondary_Obesity,All persons,E06000025,6750,2404
2019/20,FAE_PrimarySecondary_Obesity,All persons,E06000026,5365,2139
2019/20,FAE_PrimarySecondary_Obesity,All persons,E06000027,2905,2087
2019/20,FAE_PrimarySecondary_Obesity,All persons,E06000030,2965,1400
2019/20,FAE_PrimarySecondary_Obesity,All persons,E06000031,2430,1306
2019/20,FAE_PrimarySecondary_Obesity,All persons,E06000032,5085,2672
2019/20,FAE_PrimarySecondary_Obesity,All persons,E06000033,1745,961
2019/20,FAE_PrimarySecondary_Obesity,All persons,E06000034,1895,1183
2019/20,FAE_PrimarySecondary_Obesity,All persons,E06000035,5510,2113
2019/20,FAE_PrimarySecondary_Obesity,All persons,E06000036,935,825
2019/20,FAE_PrimarySecondary_Obesity,All persons,E06000037,1020,660
2019/20,FAE_PrimarySecondary_Obesity,All persons,E06000038,1175,845
2019/20,FAE_PrimarySecondary_Obesity,All persons,E06000039,3030,2623
2019/20,FAE_PrimarySecondary_Obesity,All persons,E06000040,2175,1503
2019/20,FAE_PrimarySecondary_Obesity,All persons,E06000041,1010,627
2019/20,FAE_PrimarySecondary_Obesity,All persons,E06000042,4235,1729
2019/20,FAE_PrimarySecondary_Obesity,All persons,E06000043,2155,857
2019/20,FAE_PrimarySecondary_Obesity,All persons,E06000044,3150,1662
2019/20,FAE_PrimarySecondary_Obesity,All persons,E06000045,7875,3757
2019/20,FAE_PrimarySecondary_Obesity,All persons,E06000046,3005,1900
2019/20,FAE_PrimarySecondary_Obesity,All persons,E06000047,11745,2191
2019/20,FAE_PrimarySecondary_Obesity,All persons,E06000049,6875,1812
2019/20,FAE_PrimarySecondary_Obesity,All persons,E06000050,6990,2056
2019/20,FAE_PrimarySecondary_Obesity,All persons,E06000051,6410,1863
2019/20,FAE_PrimarySecondary_Obesity,All persons,E06000052,15010,2605
2019/20,FAE_PrimarySecondary_Obesity,All persons,E06000053,30,1069
2019/20,FAE_PrimarySecondary_Obesity,All persons,E06000054,8290,1667
2019/20,FAE_PrimarySecondary_Obesity,All persons,E06000055,2460,1497
2019/20,FAE_PrimarySecondary_Obesity,All persons,E06000056,4795,1711
2019/20,FAE_PrimarySecondary_Obesity,All persons,E06000057,6380,1869
2019/20,FAE_PrimarySecondary_Obesity,All persons,E06000058,7390,1845
2019/20,FAE_PrimarySecondary_Obesity,All persons,E06000059,4575,1090
2019/20,FAE_PrimarySecondary_Obesity,All persons,E08000001,2735,1018
2019/20,FAE_PrimarySecondary_Obesity,All persons,E08000002,2625,1423
2019/20,FAE_PrimarySecondary_Obesity,All persons,E08000003,9660,2219
2019/20,FAE_PrimarySecondary_Obesity,All persons,E08000004,3335,1518
2019/20,FAE_PrimarySecondary_Obesity,All persons,E08000005,3620,1722
2019/20,FAE_PrimarySecondary_Obesity,All persons,E08000006,7050,3095
2019/20,FAE_PrimarySecondary_Obesity,All persons,E08000007,7545,2593
2019/20,FAE_PrimarySecondary_Obesity,All persons,E08000008,3070,1400
2019/20,FAE_PrimarySecondary_Obesity,All persons,E08000009,4095,1845
2019/20,FAE_PrimarySecondary_Obesity,All persons,E08000010,9905,3043
2019/20,FAE_PrimarySecondary_Obesity,All persons,E08000011,2855,1946
2019/20,FAE_PrimarySecondary_Obesity,All persons,E08000012,9500,1972
2019/20,FAE_PrimarySecondary_Obesity,All persons,E08000013,2585,1425
2019/20,FAE_PrimarySecondary_Obesity,All persons,E08000014,4540,1628
2019/20,FAE_PrimarySecondary_Obesity,All persons,E08000015,13000,4027
2019/20,FAE_PrimarySecondary_Obesity,All persons,E08000016,4285,1725
2019/20,FAE_PrimarySecondary_Obesity,All persons,E08000017,5785,1871
2019/20,FAE_PrimarySecondary_Obesity,All persons,E08000018,7385,2823
2019/20,FAE_PrimarySecondary_Obesity,All persons,E08000019,7655,1432
2019/20,FAE_PrimarySecondary_Obesity,All persons,E08000021,4095,1593
2019/20,FAE_PrimarySecondary_Obesity,All persons,E08000022,3960,1878
2019/20,FAE_PrimarySecondary_Obesity,All persons,E08000023,2070,1360
2019/20,FAE_PrimarySecondary_Obesity,All persons,E08000024,6585,2352
2019/20,FAE_PrimarySecondary_Obesity,All persons,E08000025,15755,1587
2019/20,FAE_PrimarySecondary_Obesity,All persons,E08000026,8190,2659
2019/20,FAE_PrimarySecondary_Obesity,All persons,E08000027,6765,2153
2019/20,FAE_PrimarySecondary_Obesity,All persons,E08000028,5585,1842
2019/20,FAE_PrimarySecondary_Obesity,All persons,E08000029,2875,1374
2019/20,FAE_PrimarySecondary_Obesity,All persons,E08000030,7370,2710
2019/20,FAE_PrimarySecondary_Obesity,All persons,E08000031,7375,2943
2019/20,FAE_PrimarySecondary_Obesity,All persons,E08000032,16090,3375
2019/20,FAE_PrimarySecondary_Obesity,All persons,E08000033,4215,2036
2019/20,FAE_PrimarySecondary_Obesity,All persons,E08000034,7750,1829
2019/20,FAE_PrimarySecondary_Obesity,All persons,E08000035,7670,1037
2019/20,FAE_PrimarySecondary_Obesity,All persons,E08000036,8175,2367
2019/20,FAE_PrimarySecondary_Obesity,All persons,E08000037,2565,1260
2019/20,FAE_PrimarySecondary_Obesity,All persons,E09000001,110,1316
2019/20,FAE_PrimarySecondary_Obesity,All persons,E09000002,3845,2227
2019/20,FAE_PrimarySecondary_Obesity,All persons,E09000003,4140,1167
2019/20,FAE_PrimarySecondary_Obesity,All persons,E09000004,3975,1715
2019/20,FAE_PrimarySecondary_Obesity,All persons,E09000005,7045,2452
2019/20,FAE_PrimarySecondary_Obesity,All persons,E09000006,4790,1499
2019/20,FAE_PrimarySecondary_Obesity,All persons,E09000007,1840,847
2019/20,FAE_PrimarySecondary_Obesity,All persons,E09000008,4935,1383
2019/20,FAE_PrimarySecondary_Obesity,All persons,E09000009,8015,2703
2019/20,FAE_PrimarySecondary_Obesity,All persons,E09000010,3940,1340
2019/20,FAE_PrimarySecondary_Obesity,All persons,E09000011,4160,1743
2019/20,FAE_PrimarySecondary_Obesity,All persons,E09000012,5845,2932
2019/20,FAE_PrimarySecondary_Obesity,All persons,E09000013,3705,2624
2019/20,FAE_PrimarySecondary_Obesity,All persons,E09000014,2625,1188
2019/20,FAE_PrimarySecondary_Obesity,All persons,E09000015,4435,1922
2019/20,FAE_PrimarySecondary_Obesity,All persons,E09000016,3850,1560
2019/20,FAE_PrimarySecondary_Obesity,All persons,E09000017,3860,1398
2019/20,FAE_PrimarySecondary_Obesity,All persons,E09000018,4015,1750
2019/20,FAE_PrimarySecondary_Obesity,All persons,E09000019,2270,1398
2019/20,FAE_PrimarySecondary_Obesity,All persons,E09000020,1980,1363
2019/20,FAE_PrimarySecondary_Obesity,All persons,E09000021,1580,1027
2019/20,FAE_PrimarySecondary_Obesity,All persons,E09000022,8645,3712
2019/20,FAE_PrimarySecondary_Obesity,All persons,E09000023,4990,1981
2019/20,FAE_PrimarySecondary_Obesity,All persons,E09000024,2375,1342
2019/20,FAE_PrimarySecondary_Obesity,All persons,E09000025,8625,3605
2019/20,FAE_PrimarySecondary_Obesity,All persons,E09000026,4800,1842
2019/20,FAE_PrimarySecondary_Obesity,All persons,E09000027,1620,895
2019/20,FAE_PrimarySecondary_Obesity,All persons,E09000028,9760,4081
2019/20,FAE_PrimarySecondary_Obesity,All persons,E09000029,2475,1281
2019/20,FAE_PrimarySecondary_Obesity,All persons,E09000030,6415,3171
2019/20,FAE_PrimarySecondary_Obesity,All persons,E09000031,6180,2767
2019/20,FAE_PrimarySecondary_Obesity,All persons,E09000032,3430,1455
2019/20,FAE_PrimarySecondary_Obesity,All persons,E09000033,4005,1839
2019/20,FAE_PrimarySecondary_Obesity,All persons,E10000002,6270,1201
2019/20,FAE_PrimarySecondary_Obesity,All persons,E10000003,7845,1232
2019/20,FAE_PrimarySecondary_Obesity,All persons,E10000006,8450,1617
2019/20,FAE_PrimarySecondary_Obesity,All persons,E10000007,22355,2717
2019/20,FAE_PrimarySecondary_Obesity,All persons,E10000008,8410,994
2019/20,FAE_PrimarySecondary_Obesity,All persons,E10000011,8980,1547
2019/20,FAE_PrimarySecondary_Obesity,All persons,E10000012,17440,1177
2019/20,FAE_PrimarySecondary_Obesity,All persons,E10000013,21930,3435
2019/20,FAE_PrimarySecondary_Obesity,All persons,E10000014,19405,1387
2019/20,FAE_PrimarySecondary_Obesity,All persons,E10000015,17380,1549
2019/20,FAE_PrimarySecondary_Obesity,All persons,E10000016,24180,1550
2019/20,FAE_PrimarySecondary_Obesity,All persons,E10000017,25330,2076
2019/20,FAE_PrimarySecondary_Obesity,All persons,E10000018,14405,2049
2019/20,FAE_PrimarySecondary_Obesity,All persons,E10000019,14770,1900
2019/20,FAE_PrimarySecondary_Obesity,All persons,E10000020,16320,1758
2019/20,FAE_PrimarySecondary_Obesity,All persons,E10000021,23865,3321
2019/20,FAE_PrimarySecondary_Obesity,All persons,E10000023,13030,1990
2019/20,FAE_PrimarySecondary_Obesity,All persons,E10000024,25740,3083
2019/20,FAE_PrimarySecondary_Obesity,All persons,E10000025,5060,760
2019/20,FAE_PrimarySecondary_Obesity,All persons,E10000027,8820,1575
2019/20,FAE_PrimarySecondary_Obesity,All persons,E10000028,25975,2886
2019/20,FAE_PrimarySecondary_Obesity,All persons,E10000029,15975,2075
2019/20,FAE_PrimarySecondary_Obesity,All persons,E10000030,11430,1001
2019/20,FAE_PrimarySecondary_Obesity,All persons,E10000031,11450,1981
2019/20,FAE_PrimarySecondary_Obesity,All persons,E10000032,13230,1511
2019/20,FAE_PrimarySecondary_Obesity,All persons,E10000034,16315,2643
2019/20,FAE_PrimarySecondary_Obesity,All persons,E12000001,46650,1748
2019/20,FAE_PrimarySecondary_Obesity,All persons,E12000002,147915,2065
2019/20,FAE_PrimarySecondary_Obesity,All persons,E12000003,103465,1924
2019/20,FAE_PrimarySecondary_Obesity,All persons,E12000004,123700,2592
2019/20,FAE_PrimarySecondary_Obesity,All persons,E12000005,129990,2261
2019/20,FAE_PrimarySecondary_Obesity,All persons,E12000006,93370,1526
2019/20,FAE_PrimarySecondary_Obesity,All persons,E12000007,144295,1889
2019/20,FAE_PrimarySecondary_Obesity,All persons,E12000008,123825,1382
2019/20,FAE_PrimarySecondary_Obesity,All persons,E12000009,108515,1909
2019/20,FAE_PrimarySecondary_Obesity,All persons,E92000001,1022040,1868.8
2019/20,FAE_PrimarySecondary_Obesity,Female,E06000001,1230,2605
2019/20,FAE_PrimarySecondary_Obesity,Female,E06000002,575,876
2019/20,FAE_PrimarySecondary_Obesity,Female,E06000003,535,737
2019/20,FAE_PrimarySecondary_Obesity,Female,E06000004,2135,2184
2019/20,FAE_PrimarySecondary_Obesity,Female,E06000005,1370,2533
2019/20,FAE_PrimarySecondary_Obesity,Female,E06000006,1705,2606
2019/20,FAE_PrimarySecondary_Obesity,Female,E06000007,2235,2134
2019/20,FAE_PrimarySecondary_Obesity,Female,E06000008,2775,4037
2019/20,FAE_PrimarySecondary_Obesity,Female,E06000009,2335,3390
2019/20,FAE_PrimarySecondary_Obesity,Female,E06000010,2310,1763
2019/20,FAE_PrimarySecondary_Obesity,Female,E06000011,3780,2120
2019/20,FAE_PrimarySecondary_Obesity,Female,E06000012,1570,1979
2019/20,FAE_PrimarySecondary_Obesity,Female,E06000013,1275,1440
2019/20,FAE_PrimarySecondary_Obesity,Female,E06000014,4425,4159
2019/20,FAE_PrimarySecondary_Obesity,Female,E06000015,5125,4155
2019/20,FAE_PrimarySecondary_Obesity,Female,E06000016,4345,2650
2019/20,FAE_PrimarySecondary_Obesity,Female,E06000017,310,1708
2019/20,FAE_PrimarySecondary_Obesity,Female,E06000018,6250,4179
2019/20,FAE_PrimarySecondary_Obesity,Female,E06000019,2270,2411
2019/20,FAE_PrimarySecondary_Obesity,Female,E06000020,2690,3075
2019/20,FAE_PrimarySecondary_Obesity,Female,E06000021,6405,4985
2019/20,FAE_PrimarySecondary_Obesity,Female,E06000022,1785,1873
2019/20,FAE_PrimarySecondary_Obesity,Female,E06000023,6875,3024
2019/20,FAE_PrimarySecondary_Obesity,Female,E06000024,2675,2618
2019/20,FAE_PrimarySecondary_Obesity,Female,E06000025,4755,3318
2019/20,FAE_PrimarySecondary_Obesity,Female,E06000026,3385,2633
2019/20,FAE_PrimarySecondary_Obesity,Female,E06000027,1905,2845
2019/20,FAE_PrimarySecondary_Obesity,Female,E06000030,1965,1818
2019/20,FAE_PrimarySecondary_Obesity,Female,E06000031,1595,1655
2019/20,FAE_PrimarySecondary_Obesity,Female,E06000032,3615,3648
2019/20,FAE_PrimarySecondary_Obesity,Female,E06000033,1185,1275
2019/20,FAE_PrimarySecondary_Obesity,Female,E06000034,1335,1549
2019/20,FAE_PrimarySecondary_Obesity,Female,E06000035,3475,2559
2019/20,FAE_PrimarySecondary_Obesity,Female,E06000036,600,1020
2019/20,FAE_PrimarySecondary_Obesity,Female,E06000037,595,775
2019/20,FAE_PrimarySecondary_Obesity,Female,E06000038,745,1035
2019/20,FAE_PrimarySecondary_Obesity,Female,E06000039,1925,3155
2019/20,FAE_PrimarySecondary_Obesity,Female,E06000040,1275,1732
2019/20,FAE_PrimarySecondary_Obesity,Female,E06000041,635,772
2019/20,FAE_PrimarySecondary_Obesity,Female,E06000042,2920,2279
2019/20,FAE_PrimarySecondary_Obesity,Female,E06000043,1335,1020
2019/20,FAE_PrimarySecondary_Obesity,Female,E06000044,2090,2127
2019/20,FAE_PrimarySecondary_Obesity,Female,E06000045,5085,4631
2019/20,FAE_PrimarySecondary_Obesity,Female,E06000046,1790,2316
2019/20,FAE_PrimarySecondary_Obesity,Female,E06000047,7170,2639
2019/20,FAE_PrimarySecondary_Obesity,Female,E06000049,4435,2394
2019/20,FAE_PrimarySecondary_Obesity,Female,E06000050,4650,2726
2019/20,FAE_PrimarySecondary_Obesity,Female,E06000051,3820,2312
2019/20,FAE_PrimarySecondary_Obesity,Female,E06000052,9755,3464
2019/20,FAE_PrimarySecondary_Obesity,Female,E06000053,20,1421
2019/20,FAE_PrimarySecondary_Obesity,Female,E06000054,5200,2139
2019/20,FAE_PrimarySecondary_Obesity,Female,E06000055,1500,1757
2019/20,FAE_PrimarySecondary_Obesity,Female,E06000056,3130,2181
2019/20,FAE_PrimarySecondary_Obesity,Female,E06000057,3790,2260
2019/20,FAE_PrimarySecondary_Obesity,Female,E06000058,4365,2160
2019/20,FAE_PrimarySecondary_Obesity,Female,E06000059,2720,1356
2019/20,FAE_PrimarySecondary_Obesity,Female,E08000001,1550,1124
2019/20,FAE_PrimarySecondary_Obesity,Female,E08000002,1660,1736
2019/20,FAE_PrimarySecondary_Obesity,Female,E08000003,6815,2850
2019/20,FAE_PrimarySecondary_Obesity,Female,E08000004,2200,1926
2019/20,FAE_PrimarySecondary_Obesity,Female,E08000005,2360,2167
2019/20,FAE_PrimarySecondary_Obesity,Female,E08000006,4390,3676
2019/20,FAE_PrimarySecondary_Obesity,Female,E08000007,4590,3064
2019/20,FAE_PrimarySecondary_Obesity,Female,E08000008,1780,1592
2019/20,FAE_PrimarySecondary_Obesity,Female,E08000009,2570,2230
2019/20,FAE_PrimarySecondary_Obesity,Female,E08000010,5825,3538
2019/20,FAE_PrimarySecondary_Obesity,Female,E08000011,1945,2469
2019/20,FAE_PrimarySecondary_Obesity,Female,E08000012,7005,2762
2019/20,FAE_PrimarySecondary_Obesity,Female,E08000013,1560,1714
2019/20,FAE_PrimarySecondary_Obesity,Female,E08000014,2915,2120
2019/20,FAE_PrimarySecondary_Obesity,Female,E08000015,8300,5095
2019/20,FAE_PrimarySecondary_Obesity,Female,E08000016,2580,2053
2019/20,FAE_PrimarySecondary_Obesity,Female,E08000017,3900,2513
2019/20,FAE_PrimarySecondary_Obesity,Female,E08000018,4810,3626
2019/20,FAE_PrimarySecondary_Obesity,Female,E08000019,4840,1738
2019/20,FAE_PrimarySecondary_Obesity,Female,E08000021,2340,1725
2019/20,FAE_PrimarySecondary_Obesity,Female,E08000022,2325,2131
2019/20,FAE_PrimarySecondary_Obesity,Female,E08000023,1215,1551
2019/20,FAE_PrimarySecondary_Obesity,Female,E08000024,3850,2646
2019/20,FAE_PrimarySecondary_Obesity,Female,E08000025,11525,2158
2019/20,FAE_PrimarySecondary_Obesity,Female,E08000026,5585,3432
2019/20,FAE_PrimarySecondary_Obesity,Female,E08000027,4835,3037
2019/20,FAE_PrimarySecondary_Obesity,Female,E08000028,3880,2447
2019/20,FAE_PrimarySecondary_Obesity,Female,E08000029,1965,1857
2019/20,FAE_PrimarySecondary_Obesity,Female,E08000030,5305,3750
2019/20,FAE_PrimarySecondary_Obesity,Female,E08000031,5335,4119
2019/20,FAE_PrimarySecondary_Obesity,Female,E08000032,9930,3980
2019/20,FAE_PrimarySecondary_Obesity,Female,E08000033,2760,2638
2019/20,FAE_PrimarySecondary_Obesity,Female,E08000034,5535,2575
2019/20,FAE_PrimarySecondary_Obesity,Female,E08000035,5275,1325
2019/20,FAE_PrimarySecondary_Obesity,Female,E08000036,5765,3267
2019/20,FAE_PrimarySecondary_Obesity,Female,E08000037,1640,1586
2019/20,FAE_PrimarySecondary_Obesity,Female,E09000001,60,1607
2019/20,FAE_PrimarySecondary_Obesity,Female,E09000002,2635,2772
2019/20,FAE_PrimarySecondary_Obesity,Female,E09000003,2710,1417
2019/20,FAE_PrimarySecondary_Obesity,Female,E09000004,2390,1923
2019/20,FAE_PrimarySecondary_Obesity,Female,E09000005,4700,3120
2019/20,FAE_PrimarySecondary_Obesity,Female,E09000006,3120,1828
2019/20,FAE_PrimarySecondary_Obesity,Female,E09000007,1190,1035
2019/20,FAE_PrimarySecondary_Obesity,Female,E09000008,3340,1745
2019/20,FAE_PrimarySecondary_Obesity,Female,E09000009,5115,3268
2019/20,FAE_PrimarySecondary_Obesity,Female,E09000010,2565,1609
2019/20,FAE_PrimarySecondary_Obesity,Female,E09000011,2710,2106
2019/20,FAE_PrimarySecondary_Obesity,Female,E09000012,4285,3815
2019/20,FAE_PrimarySecondary_Obesity,Female,E09000013,2475,3190
2019/20,FAE_PrimarySecondary_Obesity,Female,E09000014,1775,1486
2019/20,FAE_PrimarySecondary_Obesity,Female,E09000015,2850,2390
2019/20,FAE_PrimarySecondary_Obesity,Female,E09000016,2330,1775
2019/20,FAE_PrimarySecondary_Obesity,Female,E09000017,2350,1616
2019/20,FAE_PrimarySecondary_Obesity,Female,E09000018,2515,2112
2019/20,FAE_PrimarySecondary_Obesity,Female,E09000019,1465,1658
2019/20,FAE_PrimarySecondary_Obesity,Female,E09000020,1105,1433
2019/20,FAE_PrimarySecondary_Obesity,Female,E09000021,925,1136
2019/20,FAE_PrimarySecondary_Obesity,Female,E09000022,5575,4302
2019/20,FAE_PrimarySecondary_Obesity,Female,E09000023,3255,2301
2019/20,FAE_PrimarySecondary_Obesity,Female,E09000024,1440,1459
2019/20,FAE_PrimarySecondary_Obesity,Female,E09000025,5715,4427
2019/20,FAE_PrimarySecondary_Obesity,Female,E09000026,3025,2193
2019/20,FAE_PrimarySecondary_Obesity,Female,E09000027,900,931
2019/20,FAE_PrimarySecondary_Obesity,Female,E09000028,6255,4711
2019/20,FAE_PrimarySecondary_Obesity,Female,E09000029,1700,1651
2019/20,FAE_PrimarySecondary_Obesity,Female,E09000030,4345,4016
2019/20,FAE_PrimarySecondary_Obesity,Female,E09000031,4085,3347
2019/20,FAE_PrimarySecondary_Obesity,Female,E09000032,2025,1515
2019/20,FAE_PrimarySecondary_Obesity,Female,E09000033,2325,2044
2019/20,FAE_PrimarySecondary_Obesity,Female,E10000002,3795,1424
2019/20,FAE_PrimarySecondary_Obesity,Female,E10000003,4770,1493
2019/20,FAE_PrimarySecondary_Obesity,Female,E10000006,5145,2027
2019/20,FAE_PrimarySecondary_Obesity,Female,E10000007,14290,3478
2019/20,FAE_PrimarySecondary_Obesity,Female,E10000008,5245,1268
2019/20,FAE_PrimarySecondary_Obesity,Female,E10000011,5430,1882
2019/20,FAE_PrimarySecondary_Obesity,Female,E10000012,11015,1466
2019/20,FAE_PrimarySecondary_Obesity,Female,E10000013,13130,4146
2019/20,FAE_PrimarySecondary_Obesity,Female,E10000014,11920,1689
2019/20,FAE_PrimarySecondary_Obesity,Female,E10000015,11210,1909
2019/20,FAE_PrimarySecondary_Obesity,Female,E10000016,14220,1791
2019/20,FAE_PrimarySecondary_Obesity,Female,E10000017,15430,2502
2019/20,FAE_PrimarySecondary_Obesity,Female,E10000018,9585,2705
2019/20,FAE_PrimarySecondary_Obesity,Female,E10000019,9460,2471
2019/20,FAE_PrimarySecondary_Obesity,Female,E10000020,10480,2294
2019/20,FAE_PrimarySecondary_Obesity,Female,E10000021,15060,4124
2019/20,FAE_PrimarySecondary_Obesity,Female,E10000023,7635,2421
2019/20,FAE_PrimarySecondary_Obesity,Female,E10000024,16385,3904
2019/20,FAE_PrimarySecondary_Obesity,Female,E10000025,3350,991
2019/20,FAE_PrimarySecondary_Obesity,Female,E10000027,5740,2117
2019/20,FAE_PrimarySecondary_Obesity,Female,E10000028,17020,3823
2019/20,FAE_PrimarySecondary_Obesity,Female,E10000029,10270,2726
2019/20,FAE_PrimarySecondary_Obesity,Female,E10000030,7145,1234
2019/20,FAE_PrimarySecondary_Obesity,Female,E10000031,7175,2469
2019/20,FAE_PrimarySecondary_Obesity,Female,E10000032,8055,1833
2019/20,FAE_PrimarySecondary_Obesity,Female,E10000034,9775,3161
2019/20,FAE_PrimarySecondary_Obesity,Female,E12000001,28180,2063
2019/20,FAE_PrimarySecondary_Obesity,Female,E12000002,94175,2565
2019/20,FAE_PrimarySecondary_Obesity,Female,E12000003,66390,2405
2019/20,FAE_PrimarySecondary_Obesity,Female,E12000004,80810,3333
2019/20,FAE_PrimarySecondary_Obesity,Female,E12000005,87585,2974
2019/20,FAE_PrimarySecondary_Obesity,Female,E12000006,60100,1936
2019/20,FAE_PrimarySecondary_Obesity,Female,E12000007,93265,2253
2019/20,FAE_PrimarySecondary_Obesity,Female,E12000008,76395,1673
2019/20,FAE_PrimarySecondary_Obesity,Female,E12000009,69525,2457
2019/20,FAE_PrimarySecondary_Obesity,Female,E92000001,656511,2333.2
2019/20,FAE_PrimarySecondary_Obesity,Male,E06000001,725,1617
2019/20,FAE_PrimarySecondary_Obesity,Male,E06000002,405,664
2019/20,FAE_PrimarySecondary_Obesity,Male,E06000003,340,504
2019/20,FAE_PrimarySecondary_Obesity,Male,E06000004,1185,1275
2019/20,FAE_PrimarySecondary_Obesity,Male,E06000005,745,1438
2019/20,FAE_PrimarySecondary_Obesity,Male,E06000006,1030,1679
2019/20,FAE_PrimarySecondary_Obesity,Male,E06000007,1495,1469
2019/20,FAE_PrimarySecondary_Obesity,Male,E06000008,1290,2017
2019/20,FAE_PrimarySecondary_Obesity,Male,E06000009,1285,1865
2019/20,FAE_PrimarySecondary_Obesity,Male,E06000010,975,870
2019/20,FAE_PrimarySecondary_Obesity,Male,E06000011,2545,1309
2019/20,FAE_PrimarySecondary_Obesity,Male,E06000012,1045,1334
2019/20,FAE_PrimarySecondary_Obesity,Male,E06000013,865,959
2019/20,FAE_PrimarySecondary_Obesity,Male,E06000014,2635,2876
2019/20,FAE_PrimarySecondary_Obesity,Male,E06000015,2390,2209
2019/20,FAE_PrimarySecondary_Obesity,Male,E06000016,1445,1106
2019/20,FAE_PrimarySecondary_Obesity,Male,E06000017,170,766
2019/20,FAE_PrimarySecondary_Obesity,Male,E06000018,2530,2204
2019/20,FAE_PrimarySecondary_Obesity,Male,E06000019,1290,1233
2019/20,FAE_PrimarySecondary_Obesity,Male,E06000020,1475,1846
2019/20,FAE_PrimarySecondary_Obesity,Male,E06000021,1795,1543
2019/20,FAE_PrimarySecondary_Obesity,Male,E06000022,930,1083
2019/20,FAE_PrimarySecondary_Obesity,Male,E06000023,2715,1624
2019/20,FAE_PrimarySecondary_Obesity,Male,E06000024,1100,992
2019/20,FAE_PrimarySecondary_Obesity,Male,E06000025,1990,1496
2019/20,FAE_PrimarySecondary_Obesity,Male,E06000026,1980,1669
2019/20,FAE_PrimarySecondary_Obesity,Male,E06000027,1000,1339
2019/20,FAE_PrimarySecondary_Obesity,Male,E06000030,1000,981
2019/20,FAE_PrimarySecondary_Obesity,Male,E06000031,835,983
2019/20,FAE_PrimarySecondary_Obesity,Male,E06000032,1470,1779
2019/20,FAE_PrimarySecondary_Obesity,Male,E06000033,560,639
2019/20,FAE_PrimarySecondary_Obesity,Male,E06000034,565,797
2019/20,FAE_PrimarySecondary_Obesity,Male,E06000035,2040,1675
2019/20,FAE_PrimarySecondary_Obesity,Male,E06000036,335,628
2019/20,FAE_PrimarySecondary_Obesity,Male,E06000037,425,546
2019/20,FAE_PrimarySecondary_Obesity,Male,E06000038,425,666
2019/20,FAE_PrimarySecondary_Obesity,Male,E06000039,1100,2100
2019/20,FAE_PrimarySecondary_Obesity,Male,E06000040,895,1271
2019/20,FAE_PrimarySecondary_Obesity,Male,E06000041,375,480
2019/20,FAE_PrimarySecondary_Obesity,Male,E06000042,1310,1172
2019/20,FAE_PrimarySecondary_Obesity,Male,E06000043,820,702
2019/20,FAE_PrimarySecondary_Obesity,Male,E06000044,1065,1226
2019/20,FAE_PrimarySecondary_Obesity,Male,E06000045,2790,2945
2019/20,FAE_PrimarySecondary_Obesity,Male,E06000046,1215,1488
2019/20,FAE_PrimarySecondary_Obesity,Male,E06000047,4575,1743
2019/20,FAE_PrimarySecondary_Obesity,Male,E06000049,2435,1224
2019/20,FAE_PrimarySecondary_Obesity,Male,E06000050,2340,1363
2019/20,FAE_PrimarySecondary_Obesity,Male,E06000051,2590,1449
2019/20,FAE_PrimarySecondary_Obesity,Male,E06000052,5255,1734
2019/20,FAE_PrimarySecondary_Obesity,Male,E06000053,10,653
2019/20,FAE_PrimarySecondary_Obesity,Male,E06000054,3090,1224
2019/20,FAE_PrimarySecondary_Obesity,Male,E06000055,960,1222
2019/20,FAE_PrimarySecondary_Obesity,Male,E06000056,1660,1234
2019/20,FAE_PrimarySecondary_Obesity,Male,E06000057,2590,1476
2019/20,FAE_PrimarySecondary_Obesity,Male,E06000058,3025,1558
2019/20,FAE_PrimarySecondary_Obesity,Male,E06000059,1850,836
2019/20,FAE_PrimarySecondary_Obesity,Male,E08000001,1185,910
2019/20,FAE_PrimarySecondary_Obesity,Male,E08000002,960,1096
2019/20,FAE_PrimarySecondary_Obesity,Male,E08000003,2845,1634
2019/20,FAE_PrimarySecondary_Obesity,Male,E08000004,1135,1114
2019/20,FAE_PrimarySecondary_Obesity,Male,E08000005,1260,1277
2019/20,FAE_PrimarySecondary_Obesity,Male,E08000006,2660,2544
2019/20,FAE_PrimarySecondary_Obesity,Male,E08000007,2955,2097
2019/20,FAE_PrimarySecondary_Obesity,Male,E08000008,1290,1203
2019/20,FAE_PrimarySecondary_Obesity,Male,E08000009,1525,1453
2019/20,FAE_PrimarySecondary_Obesity,Male,E08000010,4080,2557
2019/20,FAE_PrimarySecondary_Obesity,Male,E08000011,910,1361
2019/20,FAE_PrimarySecondary_Obesity,Male,E08000012,2490,1239
2019/20,FAE_PrimarySecondary_Obesity,Male,E08000013,1025,1142
2019/20,FAE_PrimarySecondary_Obesity,Male,E08000014,1625,1149
2019/20,FAE_PrimarySecondary_Obesity,Male,E08000015,4700,2943
2019/20,FAE_PrimarySecondary_Obesity,Male,E08000016,1705,1390
2019/20,FAE_PrimarySecondary_Obesity,Male,E08000017,1885,1248
2019/20,FAE_PrimarySecondary_Obesity,Male,E08000018,2575,2008
2019/20,FAE_PrimarySecondary_Obesity,Male,E08000019,2820,1125
2019/20,FAE_PrimarySecondary_Obesity,Male,E08000021,1755,1492
2019/20,FAE_PrimarySecondary_Obesity,Male,E08000022,1635,1632
2019/20,FAE_PrimarySecondary_Obesity,Male,E08000023,855,1184
2019/20,FAE_PrimarySecondary_Obesity,Male,E08000024,2735,2066
2019/20,FAE_PrimarySecondary_Obesity,Male,E08000025,4230,1005
2019/20,FAE_PrimarySecondary_Obesity,Male,E08000026,2605,1917
2019/20,FAE_PrimarySecondary_Obesity,Male,E08000027,1930,1244
2019/20,FAE_PrimarySecondary_Obesity,Male,E08000028,1705,1243
2019/20,FAE_PrimarySecondary_Obesity,Male,E08000029,910,876
2019/20,FAE_PrimarySecondary_Obesity,Male,E08000030,2060,1638
2019/20,FAE_PrimarySecondary_Obesity,Male,E08000031,2045,1799
2019/20,FAE_PrimarySecondary_Obesity,Male,E08000032,6160,2794
2019/20,FAE_PrimarySecondary_Obesity,Male,E08000033,1455,1426
2019/20,FAE_PrimarySecondary_Obesity,Male,E08000034,2215,1090
2019/20,FAE_PrimarySecondary_Obesity,Male,E08000035,2395,746
2019/20,FAE_PrimarySecondary_Obesity,Male,E08000036,2410,1434
2019/20,FAE_PrimarySecondary_Obesity,Male,E08000037,925,947
2019/20,FAE_PrimarySecondary_Obesity,Male,E09000001,50,1084
2019/20,FAE_PrimarySecondary_Obesity,Male,E09000002,1205,1673
2019/20,FAE_PrimarySecondary_Obesity,Male,E09000003,1430,928
2019/20,FAE_PrimarySecondary_Obesity,Male,E09000004,1585,1514
2019/20,FAE_PrimarySecondary_Obesity,Male,E09000005,2345,1853
2019/20,FAE_PrimarySecondary_Obesity,Male,E09000006,1670,1145
2019/20,FAE_PrimarySecondary_Obesity,Male,E09000007,645,662
2019/20,FAE_PrimarySecondary_Obesity,Male,E09000008,1595,990
2019/20,FAE_PrimarySecondary_Obesity,Male,E09000009,2895,2166
2019/20,FAE_PrimarySecondary_Obesity,Male,E09000010,1375,1065
2019/20,FAE_PrimarySecondary_Obesity,Male,E09000011,1450,1404
2019/20,FAE_PrimarySecondary_Obesity,Male,E09000012,1560,2018
2019/20,FAE_PrimarySecondary_Obesity,Male,E09000013,1230,2015
2019/20,FAE_PrimarySecondary_Obesity,Male,E09000014,850,896
2019/20,FAE_PrimarySecondary_Obesity,Male,E09000015,1585,1472
2019/20,FAE_PrimarySecondary_Obesity,Male,E09000016,1520,1338
2019/20,FAE_PrimarySecondary_Obesity,Male,E09000017,1510,1196
2019/20,FAE_PrimarySecondary_Obesity,Male,E09000018,1505,1410
2019/20,FAE_PrimarySecondary_Obesity,Male,E09000019,805,1150
2019/20,FAE_PrimarySecondary_Obesity,Male,E09000020,875,1314
2019/20,FAE_PrimarySecondary_Obesity,Male,E09000021,655,922
2019/20,FAE_PrimarySecondary_Obesity,Male,E09000022,3075,3156
2019/20,FAE_PrimarySecondary_Obesity,Male,E09000023,1735,1673
2019/20,FAE_PrimarySecondary_Obesity,Male,E09000024,935,1245
2019/20,FAE_PrimarySecondary_Obesity,Male,E09000025,2910,2892
2019/20,FAE_PrimarySecondary_Obesity,Male,E09000026,1770,1518
2019/20,FAE_PrimarySecondary_Obesity,Male,E09000027,720,861
2019/20,FAE_PrimarySecondary_Obesity,Male,E09000028,3510,3464
2019/20,FAE_PrimarySecondary_Obesity,Male,E09000029,770,878
2019/20,FAE_PrimarySecondary_Obesity,Male,E09000030,2070,2410
2019/20,FAE_PrimarySecondary_Obesity,Male,E09000031,2095,2214
2019/20,FAE_PrimarySecondary_Obesity,Male,E09000032,1405,1404
2019/20,FAE_PrimarySecondary_Obesity,Male,E09000033,1680,1660
2019/20,FAE_PrimarySecondary_Obesity,Male,E10000002,2475,971
2019/20,FAE_PrimarySecondary_Obesity,Male,E10000003,3075,989
2019/20,FAE_PrimarySecondary_Obesity,Male,E10000006,3305,1221
2019/20,FAE_PrimarySecondary_Obesity,Male,E10000007,8065,1942
2019/20,FAE_PrimarySecondary_Obesity,Male,E10000008,3165,729
2019/20,FAE_PrimarySecondary_Obesity,Male,E10000011,3550,1208
2019/20,FAE_PrimarySecondary_Obesity,Male,E10000012,6425,884
2019/20,FAE_PrimarySecondary_Obesity,Male,E10000013,8795,2759
2019/20,FAE_PrimarySecondary_Obesity,Male,E10000014,7480,1082
2019/20,FAE_PrimarySecondary_Obesity,Male,E10000015,6170,1174
2019/20,FAE_PrimarySecondary_Obesity,Male,E10000016,9960,1309
2019/20,FAE_PrimarySecondary_Obesity,Male,E10000017,9900,1654
2019/20,FAE_PrimarySecondary_Obesity,Male,E10000018,4815,1385
2019/20,FAE_PrimarySecondary_Obesity,Male,E10000019,5310,1334
2019/20,FAE_PrimarySecondary_Obesity,Male,E10000020,5785,1217
2019/20,FAE_PrimarySecondary_Obesity,Male,E10000021,8805,2538
2019/20,FAE_PrimarySecondary_Obesity,Male,E10000023,5390,1604
2019/20,FAE_PrimarySecondary_Obesity,Male,E10000024,9350,2263
2019/20,FAE_PrimarySecondary_Obesity,Male,E10000025,1710,541
2019/20,FAE_PrimarySecondary_Obesity,Male,E10000027,3080,1038
2019/20,FAE_PrimarySecondary_Obesity,Male,E10000028,8950,1984
2019/20,FAE_PrimarySecondary_Obesity,Male,E10000029,5705,1449
2019/20,FAE_PrimarySecondary_Obesity,Male,E10000030,4285,765
2019/20,FAE_PrimarySecondary_Obesity,Male,E10000031,4275,1502
2019/20,FAE_PrimarySecondary_Obesity,Male,E10000032,5170,1189
2019/20,FAE_PrimarySecondary_Obesity,Male,E10000034,6535,2123
2019/20,FAE_PrimarySecondary_Obesity,Male,E12000001,18465,1438
2019/20,FAE_PrimarySecondary_Obesity,Male,E12000002,53730,1571
2019/20,FAE_PrimarySecondary_Obesity,Male,E12000003,37070,1451
2019/20,FAE_PrimarySecondary_Obesity,Male,E12000004,42880,1858
2019/20,FAE_PrimarySecondary_Obesity,Male,E12000005,42395,1561
2019/20,FAE_PrimarySecondary_Obesity,Male,E12000006,33210,1115
2019/20,FAE_PrimarySecondary_Obesity,Male,E12000007,51020,1535
2019/20,FAE_PrimarySecondary_Obesity,Male,E12000008,47425,1092
2019/20,FAE_PrimarySecondary_Obesity,Male,E12000009,38980,1377
2019/20,FAE_PrimarySecondary_Obesity,Male,E92000001,365415,1412.1
2019/20,FCE_Primary_Obesity_Bariatric,All persons,E06000001,25,28
2019/20,FCE_Primary_Obesity_Bariatric,All persons,E06000002,20,16
2019/20,FCE_Primary_Obesity_Bariatric,All persons,E06000003,20,18
2019/20,FCE_Primary_Obesity_Bariatric,All persons,E06000004,55,29
2019/20,FCE_Primary_Obesity_Bariatric,All persons,E06000005,15,15
2019/20,FCE_Primary_Obesity_Bariatric,All persons,E06000006,20,14
2019/20,FCE_Primary_Obesity_Bariatric,All persons,E06000007,30,15
2019/20,FCE_Primary_Obesity_Bariatric,All persons,E06000008,15,12
2019/20,FCE_Primary_Obesity_Bariatric,All persons,E06000009,10,8
2019/20,FCE_Primary_Obesity_Bariatric,All persons,E06000010,10,4
2019/20,FCE_Primary_Obesity_Bariatric,All persons,E06000011,25,7
2019/20,FCE_Primary_Obesity_Bariatric,All persons,E06000012,20,11
2019/20,FCE_Primary_Obesity_Bariatric,All persons,E06000013,25,14
2019/20,FCE_Primary_Obesity_Bariatric,All persons,E06000014,10,4
2019/20,FCE_Primary_Obesity_Bariatric,All persons,E06000015,20,9
2019/20,FCE_Primary_Obesity_Bariatric,All persons,E06000016,10,3
2019/20,FCE_Primary_Obesity_Bariatric,All persons,E06000017,,3
2019/20,FCE_Primary_Obesity_Bariatric,All persons,E06000018,20,6
2019/20,FCE_Primary_Obesity_Bariatric,All persons,E06000019,15,8
2019/20,FCE_Primary_Obesity_Bariatric,All persons,E06000020,55,32
2019/20,FCE_Primary_Obesity_Bariatric,All persons,E06000021,80,34
2019/20,FCE_Primary_Obesity_Bariatric,All persons,E06000022,15,7
2019/20,FCE_Primary_Obesity_Bariatric,All persons,E06000023,35,9
2019/20,FCE_Primary_Obesity_Bariatric,All persons,E06000024,20,9
2019/20,FCE_Primary_Obesity_Bariatric,All persons,E06000025,25,10
2019/20,FCE_Primary_Obesity_Bariatric,All persons,E06000026,30,12
2019/20,FCE_Primary_Obesity_Bariatric,All persons,E06000027,15,11
2019/20,FCE_Primary_Obesity_Bariatric,All persons,E06000030,15,7
2019/20,FCE_Primary_Obesity_Bariatric,All persons,E06000031,15,9
2019/20,FCE_Primary_Obesity_Bariatric,All persons,E06000032,35,18
2019/20,FCE_Primary_Obesity_Bariatric,All persons,E06000033,15,8
2019/20,FCE_Primary_Obesity_Bariatric,All persons,E06000034,25,14
2019/20,FCE_Primary_Obesity_Bariatric,All persons,E06000035,45,18
2019/20,FCE_Primary_Obesity_Bariatric,All persons,E06000036,10,9
2019/20,FCE_Primary_Obesity_Bariatric,All persons,E06000037,30,19
2019/20,FCE_Primary_Obesity_Bariatric,All persons,E06000038,25,17
2019/20,FCE_Primary_Obesity_Bariatric,All persons,E06000039,15,11
2019/20,FCE_Primary_Obesity_Bariatric,All persons,E06000040,10,6
2019/20,FCE_Primary_Obesity_Bariatric,All persons,E06000041,20,12
2019/20,FCE_Primary_Obesity_Bariatric,All persons,E06000042,40,15
2019/20,FCE_Primary_Obesity_Bariatric,All persons,E06000043,40,13
2019/20,FCE_Primary_Obesity_Bariatric,All persons,E06000044,65,33
2019/20,FCE_Primary_Obesity_Bariatric,All persons,E06000045,45,20
2019/20,FCE_Primary_Obesity_Bariatric,All persons,E06000046,15,13
2019/20,FCE_Primary_Obesity_Bariatric,All persons,E06000047,140,28
2019/20,FCE_Primary_Obesity_Bariatric,All persons,E06000049,15,4
2019/20,FCE_Primary_Obesity_Bariatric,All persons,E06000050,20,6
2019/20,FCE_Primary_Obesity_Bariatric,All persons,E06000051,40,14
2019/20,FCE_Primary_Obesity_Bariatric,All persons,E06000052,115,21
2019/20,FCE_Primary_Obesity_Bariatric,All persons,E06000053,0,0
2019/20,FCE_Primary_Obesity_Bariatric,All persons,E06000054,45,10
2019/20,FCE_Primary_Obesity_Bariatric,All persons,E06000055,15,10
2019/20,FCE_Primary_Obesity_Bariatric,All persons,E06000056,20,7
2019/20,FCE_Primary_Obesity_Bariatric,All persons,E06000057,35,12
2019/20,FCE_Primary_Obesity_Bariatric,All persons,E06000058,40,10
2019/20,FCE_Primary_Obesity_Bariatric,All persons,E06000059,35,11
2019/20,FCE_Primary_Obesity_Bariatric,All persons,E08000001,35,14
2019/20,FCE_Primary_Obesity_Bariatric,All persons,E08000002,15,7
2019/20,FCE_Primary_Obesity_Bariatric,All persons,E08000003,20,5
2019/20,FCE_Primary_Obesity_Bariatric,All persons,E08000004,15,6
2019/20,FCE_Primary_Obesity_Bariatric,All persons,E08000005,25,12
2019/20,FCE_Primary_Obesity_Bariatric,All persons,E08000006,10,5
2019/20,FCE_Primary_Obesity_Bariatric,All persons,E08000007,15,5
2019/20,FCE_Primary_Obesity_Bariatric,All persons,E08000008,15,8
2019/20,FCE_Primary_Obesity_Bariatric,All persons,E08000009,,3
2019/20,FCE_Primary_Obesity_Bariatric,All persons,E08000010,30,9
2019/20,FCE_Primary_Obesity_Bariatric,All persons,E08000011,35,24
2019/20,FCE_Primary_Obesity_Bariatric,All persons,E08000012,45,10
2019/20,FCE_Primary_Obesity_Bariatric,All persons,E08000013,10,7
2019/20,FCE_Primary_Obesity_Bariatric,All persons,E08000014,30,12
2019/20,FCE_Primary_Obesity_Bariatric,All persons,E08000015,10,4
2019/20,FCE_Primary_Obesity_Bariatric,All persons,E08000016,55,22
2019/20,FCE_Primary_Obesity_Bariatric,All persons,E08000017,100,34
2019/20,FCE_Primary_Obesity_Bariatric,All persons,E08000018,25,10
2019/20,FCE_Primary_Obesity_Bariatric,All persons,E08000019,40,8
2019/20,FCE_Primary_Obesity_Bariatric,All persons,E08000021,25,10
2019/20,FCE_Primary_Obesity_Bariatric,All persons,E08000022,25,12
2019/20,FCE_Primary_Obesity_Bariatric,All persons,E08000023,55,38
2019/20,FCE_Primary_Obesity_Bariatric,All persons,E08000024,105,38
2019/20,FCE_Primary_Obesity_Bariatric,All persons,E08000025,220,23
2019/20,FCE_Primary_Obesity_Bariatric,All persons,E08000026,50,16
2019/20,FCE_Primary_Obesity_Bariatric,All persons,E08000027,35,11
2019/20,FCE_Primary_Obesity_Bariatric,All persons,E08000028,75,25
2019/20,FCE_Primary_Obesity_Bariatric,All persons,E08000029,45,23
2019/20,FCE_Primary_Obesity_Bariatric,All persons,E08000030,50,19
2019/20,FCE_Primary_Obesity_Bariatric,All persons,E08000031,45,17
2019/20,FCE_Primary_Obesity_Bariatric,All persons,E08000032,45,9
2019/20,FCE_Primary_Obesity_Bariatric,All persons,E08000033,15,8
2019/20,FCE_Primary_Obesity_Bariatric,All persons,E08000034,,1
2019/20,FCE_Primary_Obesity_Bariatric,All persons,E08000035,25,3
2019/20,FCE_Primary_Obesity_Bariatric,All persons,E08000036,20,6
2019/20,FCE_Primary_Obesity_Bariatric,All persons,E08000037,45,24
2019/20,FCE_Primary_Obesity_Bariatric,All persons,E09000001,0,0
2019/20,FCE_Primary_Obesity_Bariatric,All persons,E09000002,35,15
2019/20,FCE_Primary_Obesity_Bariatric,All persons,E09000003,45,12
2019/20,FCE_Primary_Obesity_Bariatric,All persons,E09000004,75,30
2019/20,FCE_Primary_Obesity_Bariatric,All persons,E09000005,65,20
2019/20,FCE_Primary_Obesity_Bariatric,All persons,E09000006,50,15
2019/20,FCE_Primary_Obesity_Bariatric,All persons,E09000007,35,13
2019/20,FCE_Primary_Obesity_Bariatric,All persons,E09000008,70,18
2019/20,FCE_Primary_Obesity_Bariatric,All persons,E09000009,75,22
2019/20,FCE_Primary_Obesity_Bariatric,All persons,E09000010,40,12
2019/20,FCE_Primary_Obesity_Bariatric,All persons,E09000011,65,25
2019/20,FCE_Primary_Obesity_Bariatric,All persons,E09000012,50,18
2019/20,FCE_Primary_Obesity_Bariatric,All persons,E09000013,40,21
2019/20,FCE_Primary_Obesity_Bariatric,All persons,E09000014,35,13
2019/20,FCE_Primary_Obesity_Bariatric,All persons,E09000015,30,12
2019/20,FCE_Primary_Obesity_Bariatric,All persons,E09000016,20,9
2019/20,FCE_Primary_Obesity_Bariatric,All persons,E09000017,70,24
2019/20,FCE_Primary_Obesity_Bariatric,All persons,E09000018,60,23
2019/20,FCE_Primary_Obesity_Bariatric,All persons,E09000019,40,18
2019/20,FCE_Primary_Obesity_Bariatric,All persons,E09000020,20,13
2019/20,FCE_Primary_Obesity_Bariatric,All persons,E09000021,20,11
2019/20,FCE_Primary_Obesity_Bariatric,All persons,E09000022,95,32
2019/20,FCE_Primary_Obesity_Bariatric,All persons,E09000023,100,33
2019/20,FCE_Primary_Obesity_Bariatric,All persons,E09000024,25,12
2019/20,FCE_Primary_Obesity_Bariatric,All persons,E09000025,40,12
2019/20,FCE_Primary_Obesity_Bariatric,All persons,E09000026,25,9
2019/20,FCE_Primary_Obesity_Bariatric,All persons,E09000027,15,7
2019/20,FCE_Primary_Obesity_Bariatric,All persons,E09000028,110,37
2019/20,FCE_Primary_Obesity_Bariatric,All persons,E09000029,25,12
2019/20,FCE_Primary_Obesity_Bariatric,All persons,E09000030,20,8
2019/20,FCE_Primary_Obesity_Bariatric,All persons,E09000031,35,13
2019/20,FCE_Primary_Obesity_Bariatric,All persons,E09000032,40,13
2019/20,FCE_Primary_Obesity_Bariatric,All persons,E09000033,35,12
2019/20,FCE_Primary_Obesity_Bariatric,All persons,E10000002,30,6
2019/20,FCE_Primary_Obesity_Bariatric,All persons,E10000003,35,6
2019/20,FCE_Primary_Obesity_Bariatric,All persons,E10000006,40,9
2019/20,FCE_Primary_Obesity_Bariatric,All persons,E10000007,70,9
2019/20,FCE_Primary_Obesity_Bariatric,All persons,E10000008,50,7
2019/20,FCE_Primary_Obesity_Bariatric,All persons,E10000011,105,20
2019/20,FCE_Primary_Obesity_Bariatric,All persons,E10000012,75,5
2019/20,FCE_Primary_Obesity_Bariatric,All persons,E10000013,35,5
2019/20,FCE_Primary_Obesity_Bariatric,All persons,E10000014,230,17
2019/20,FCE_Primary_Obesity_Bariatric,All persons,E10000015,115,10
2019/20,FCE_Primary_Obesity_Bariatric,All persons,E10000016,210,14
2019/20,FCE_Primary_Obesity_Bariatric,All persons,E10000017,105,9
2019/20,FCE_Primary_Obesity_Bariatric,All persons,E10000018,25,4
2019/20,FCE_Primary_Obesity_Bariatric,All persons,E10000019,45,7
2019/20,FCE_Primary_Obesity_Bariatric,All persons,E10000020,70,8
2019/20,FCE_Primary_Obesity_Bariatric,All persons,E10000021,80,11
2019/20,FCE_Primary_Obesity_Bariatric,All persons,E10000023,30,5
2019/20,FCE_Primary_Obesity_Bariatric,All persons,E10000024,50,6
2019/20,FCE_Primary_Obesity_Bariatric,All persons,E10000025,40,6
2019/20,FCE_Primary_Obesity_Bariatric,All persons,E10000027,75,14
2019/20,FCE_Primary_Obesity_Bariatric,All persons,E10000028,145,17
2019/20,FCE_Primary_Obesity_Bariatric,All persons,E10000029,35,5
2019/20,FCE_Primary_Obesity_Bariatric,All persons,E10000030,175,15
2019/20,FCE_Primary_Obesity_Bariatric,All persons,E10000031,75,13
2019/20,FCE_Primary_Obesity_Bariatric,All persons,E10000032,155,19
2019/20,FCE_Primary_Obesity_Bariatric,All persons,E10000034,85,15
2019/20,FCE_Primary_Obesity_Bariatric,All persons,E12000001,565,22
2019/20,FCE_Primary_Obesity_Bariatric,All persons,E12000002,575,8
2019/20,FCE_Primary_Obesity_Bariatric,All persons,E12000003,445,8
2019/20,FCE_Primary_Obesity_Bariatric,All persons,E12000004,325,7
2019/20,FCE_Primary_Obesity_Bariatric,All persons,E12000005,1020,18
2019/20,FCE_Primary_Obesity_Bariatric,All persons,E12000006,460,8
2019/20,FCE_Primary_Obesity_Bariatric,All persons,E12000007,1490,17
2019/20,FCE_Primary_Obesity_Bariatric,All persons,E12000008,1310,15
2019/20,FCE_Primary_Obesity_Bariatric,All persons,E12000009,545,10
2019/20,FCE_Primary_Obesity_Bariatric,All persons,E92000001,6740,12.4
2019/20,FCE_Primary_Obesity_Bariatric,Female,E06000001,20,45
2019/20,FCE_Primary_Obesity_Bariatric,Female,E06000002,15,20
2019/20,FCE_Primary_Obesity_Bariatric,Female,E06000003,20,33
2019/20,FCE_Primary_Obesity_Bariatric,Female,E06000004,45,45
2019/20,FCE_Primary_Obesity_Bariatric,Female,E06000005,15,26
2019/20,FCE_Primary_Obesity_Bariatric,Female,E06000006,15,20
2019/20,FCE_Primary_Obesity_Bariatric,Female,E06000007,25,23
2019/20,FCE_Primary_Obesity_Bariatric,Female,E06000008,15,22
2019/20,FCE_Primary_Obesity_Bariatric,Female,E06000009,10,13
2019/20,FCE_Primary_Obesity_Bariatric,Female,E06000010,10,6
2019/20,FCE_Primary_Obesity_Bariatric,Female,E06000011,15,10
2019/20,FCE_Primary_Obesity_Bariatric,Female,E06000012,15,17
2019/20,FCE_Primary_Obesity_Bariatric,Female,E06000013,20,22
2019/20,FCE_Primary_Obesity_Bariatric,Female,E06000014,10,8
2019/20,FCE_Primary_Obesity_Bariatric,Female,E06000015,20,15
2019/20,FCE_Primary_Obesity_Bariatric,Female,E06000016,10,5
2019/20,FCE_Primary_Obesity_Bariatric,Female,E06000017,,7
2019/20,FCE_Primary_Obesity_Bariatric,Female,E06000018,20,12
2019/20,FCE_Primary_Obesity_Bariatric,Female,E06000019,10,13
2019/20,FCE_Primary_Obesity_Bariatric,Female,E06000020,45,50
2019/20,FCE_Primary_Obesity_Bariatric,Female,E06000021,55,45
2019/20,FCE_Primary_Obesity_Bariatric,Female,E06000022,10,11
2019/20,FCE_Primary_Obesity_Bariatric,Female,E06000023,30,15
2019/20,FCE_Primary_Obesity_Bariatric,Female,E06000024,15,16
2019/20,FCE_Primary_Obesity_Bariatric,Female,E06000025,25,16
2019/20,FCE_Primary_Obesity_Bariatric,Female,E06000026,25,19
2019/20,FCE_Primary_Obesity_Bariatric,Female,E06000027,10,16
2019/20,FCE_Primary_Obesity_Bariatric,Female,E06000030,10,10
2019/20,FCE_Primary_Obesity_Bariatric,Female,E06000031,15,13
2019/20,FCE_Primary_Obesity_Bariatric,Female,E06000032,30,29
2019/20,FCE_Primary_Obesity_Bariatric,Female,E06000033,10,13
2019/20,FCE_Primary_Obesity_Bariatric,Female,E06000034,20,21
2019/20,FCE_Primary_Obesity_Bariatric,Female,E06000035,35,26
2019/20,FCE_Primary_Obesity_Bariatric,Female,E06000036,10,16
2019/20,FCE_Primary_Obesity_Bariatric,Female,E06000037,25,29
2019/20,FCE_Primary_Obesity_Bariatric,Female,E06000038,25,32
2019/20,FCE_Primary_Obesity_Bariatric,Female,E06000039,15,19
2019/20,FCE_Primary_Obesity_Bariatric,Female,E06000040,,7
2019/20,FCE_Primary_Obesity_Bariatric,Female,E06000041,15,18
2019/20,FCE_Primary_Obesity_Bariatric,Female,E06000042,30,22
2019/20,FCE_Primary_Obesity_Bariatric,Female,E06000043,25,17
2019/20,FCE_Primary_Obesity_Bariatric,Female,E06000044,45,45
2019/20,FCE_Primary_Obesity_Bariatric,Female,E06000045,35,36
2019/20,FCE_Primary_Obesity_Bariatric,Female,E06000046,15,24
2019/20,FCE_Primary_Obesity_Bariatric,Female,E06000047,110,43
2019/20,FCE_Primary_Obesity_Bariatric,Female,E06000049,15,7
2019/20,FCE_Primary_Obesity_Bariatric,Female,E06000050,20,11
2019/20,FCE_Primary_Obesity_Bariatric,Female,E06000051,35,23
2019/20,FCE_Primary_Obesity_Bariatric,Female,E06000052,95,35
2019/20,FCE_Primary_Obesity_Bariatric,Female,E06000053,0,0
2019/20,FCE_Primary_Obesity_Bariatric,Female,E06000054,40,16
2019/20,FCE_Primary_Obesity_Bariatric,Female,E06000055,15,15
2019/20,FCE_Primary_Obesity_Bariatric,Female,E06000056,15,11
2019/20,FCE_Primary_Obesity_Bariatric,Female,E06000057,30,22
2019/20,FCE_Primary_Obesity_Bariatric,Female,E06000058,30,17
2019/20,FCE_Primary_Obesity_Bariatric,Female,E06000059,30,18
2019/20,FCE_Primary_Obesity_Bariatric,Female,E08000001,30,21
2019/20,FCE_Primary_Obesity_Bariatric,Female,E08000002,10,12
2019/20,FCE_Primary_Obesity_Bariatric,Female,E08000003,20,9
2019/20,FCE_Primary_Obesity_Bariatric,Female,E08000004,10,9
2019/20,FCE_Primary_Obesity_Bariatric,Female,E08000005,20,18
2019/20,FCE_Primary_Obesity_Bariatric,Female,E08000006,10,10
2019/20,FCE_Primary_Obesity_Bariatric,Female,E08000007,15,9
2019/20,FCE_Primary_Obesity_Bariatric,Female,E08000008,10,11
2019/20,FCE_Primary_Obesity_Bariatric,Female,E08000009,,5
2019/20,FCE_Primary_Obesity_Bariatric,Female,E08000010,25,14
2019/20,FCE_Primary_Obesity_Bariatric,Female,E08000011,25,32
2019/20,FCE_Primary_Obesity_Bariatric,Female,E08000012,45,19
2019/20,FCE_Primary_Obesity_Bariatric,Female,E08000013,10,13
2019/20,FCE_Primary_Obesity_Bariatric,Female,E08000014,20,15
2019/20,FCE_Primary_Obesity_Bariatric,Female,E08000015,10,5
2019/20,FCE_Primary_Obesity_Bariatric,Female,E08000016,40,34
2019/20,FCE_Primary_Obesity_Bariatric,Female,E08000017,80,52
2019/20,FCE_Primary_Obesity_Bariatric,Female,E08000018,25,18
2019/20,FCE_Primary_Obesity_Bariatric,Female,E08000019,30,11
2019/20,FCE_Primary_Obesity_Bariatric,Female,E08000021,20,15
2019/20,FCE_Primary_Obesity_Bariatric,Female,E08000022,20,18
2019/20,FCE_Primary_Obesity_Bariatric,Female,E08000023,40,56
2019/20,FCE_Primary_Obesity_Bariatric,Female,E08000024,80,58
2019/20,FCE_Primary_Obesity_Bariatric,Female,E08000025,190,39
2019/20,FCE_Primary_Obesity_Bariatric,Female,E08000026,35,24
2019/20,FCE_Primary_Obesity_Bariatric,Female,E08000027,20,14
2019/20,FCE_Primary_Obesity_Bariatric,Female,E08000028,65,43
2019/20,FCE_Primary_Obesity_Bariatric,Female,E08000029,35,34
2019/20,FCE_Primary_Obesity_Bariatric,Female,E08000030,40,29
2019/20,FCE_Primary_Obesity_Bariatric,Female,E08000031,35,29
2019/20,FCE_Primary_Obesity_Bariatric,Female,E08000032,40,15
2019/20,FCE_Primary_Obesity_Bariatric,Female,E08000033,15,15
2019/20,FCE_Primary_Obesity_Bariatric,Female,E08000034,,2
2019/20,FCE_Primary_Obesity_Bariatric,Female,E08000035,20,5
2019/20,FCE_Primary_Obesity_Bariatric,Female,E08000036,20,10
2019/20,FCE_Primary_Obesity_Bariatric,Female,E08000037,35,37
2019/20,FCE_Primary_Obesity_Bariatric,Female,E09000001,0,0
2019/20,FCE_Primary_Obesity_Bariatric,Female,E09000002,25,24
2019/20,FCE_Primary_Obesity_Bariatric,Female,E09000003,30,15
2019/20,FCE_Primary_Obesity_Bariatric,Female,E09000004,60,48
2019/20,FCE_Primary_Obesity_Bariatric,Female,E09000005,55,36
2019/20,FCE_Primary_Obesity_Bariatric,Female,E09000006,45,25
2019/20,FCE_Primary_Obesity_Bariatric,Female,E09000007,25,21
2019/20,FCE_Primary_Obesity_Bariatric,Female,E09000008,55,27
2019/20,FCE_Primary_Obesity_Bariatric,Female,E09000009,55,32
2019/20,FCE_Primary_Obesity_Bariatric,Female,E09000010,30,18
2019/20,FCE_Primary_Obesity_Bariatric,Female,E09000011,50,39
2019/20,FCE_Primary_Obesity_Bariatric,Female,E09000012,45,32
2019/20,FCE_Primary_Obesity_Bariatric,Female,E09000013,25,28
2019/20,FCE_Primary_Obesity_Bariatric,Female,E09000014,30,24
2019/20,FCE_Primary_Obesity_Bariatric,Female,E09000015,25,20
2019/20,FCE_Primary_Obesity_Bariatric,Female,E09000016,15,13
2019/20,FCE_Primary_Obesity_Bariatric,Female,E09000017,50,33
2019/20,FCE_Primary_Obesity_Bariatric,Female,E09000018,45,37
2019/20,FCE_Primary_Obesity_Bariatric,Female,E09000019,30,27
2019/20,FCE_Primary_Obesity_Bariatric,Female,E09000020,20,23
2019/20,FCE_Primary_Obesity_Bariatric,Female,E09000021,15,17
2019/20,FCE_Primary_Obesity_Bariatric,Female,E09000022,80,50
2019/20,FCE_Primary_Obesity_Bariatric,Female,E09000023,85,56
2019/20,FCE_Primary_Obesity_Bariatric,Female,E09000024,20,19
2019/20,FCE_Primary_Obesity_Bariatric,Female,E09000025,30,19
2019/20,FCE_Primary_Obesity_Bariatric,Female,E09000026,20,14
2019/20,FCE_Primary_Obesity_Bariatric,Female,E09000027,10,12
2019/20,FCE_Primary_Obesity_Bariatric,Female,E09000028,95,64
2019/20,FCE_Primary_Obesity_Bariatric,Female,E09000029,20,18
2019/20,FCE_Primary_Obesity_Bariatric,Female,E09000030,15,11
2019/20,FCE_Primary_Obesity_Bariatric,Female,E09000031,30,21
2019/20,FCE_Primary_Obesity_Bariatric,Female,E09000032,30,19
2019/20,FCE_Primary_Obesity_Bariatric,Female,E09000033,20,16
2019/20,FCE_Primary_Obesity_Bariatric,Female,E10000002,25,9
2019/20,FCE_Primary_Obesity_Bariatric,Female,E10000003,25,8
2019/20,FCE_Primary_Obesity_Bariatric,Female,E10000006,35,15
2019/20,FCE_Primary_Obesity_Bariatric,Female,E10000007,55,14
2019/20,FCE_Primary_Obesity_Bariatric,Female,E10000008,40,12
2019/20,FCE_Primary_Obesity_Bariatric,Female,E10000011,80,30
2019/20,FCE_Primary_Obesity_Bariatric,Female,E10000012,65,9
2019/20,FCE_Primary_Obesity_Bariatric,Female,E10000013,25,8
2019/20,FCE_Primary_Obesity_Bariatric,Female,E10000014,190,28
2019/20,FCE_Primary_Obesity_Bariatric,Female,E10000015,90,15
2019/20,FCE_Primary_Obesity_Bariatric,Female,E10000016,150,20
2019/20,FCE_Primary_Obesity_Bariatric,Female,E10000017,85,15
2019/20,FCE_Primary_Obesity_Bariatric,Female,E10000018,20,6
2019/20,FCE_Primary_Obesity_Bariatric,Female,E10000019,40,11
2019/20,FCE_Primary_Obesity_Bariatric,Female,E10000020,65,15
2019/20,FCE_Primary_Obesity_Bariatric,Female,E10000021,70,19
2019/20,FCE_Primary_Obesity_Bariatric,Female,E10000023,20,7
2019/20,FCE_Primary_Obesity_Bariatric,Female,E10000024,40,10
2019/20,FCE_Primary_Obesity_Bariatric,Female,E10000025,30,10
2019/20,FCE_Primary_Obesity_Bariatric,Female,E10000027,60,23
2019/20,FCE_Primary_Obesity_Bariatric,Female,E10000028,115,27
2019/20,FCE_Primary_Obesity_Bariatric,Female,E10000029,30,8
2019/20,FCE_Primary_Obesity_Bariatric,Female,E10000030,140,24
2019/20,FCE_Primary_Obesity_Bariatric,Female,E10000031,60,21
2019/20,FCE_Primary_Obesity_Bariatric,Female,E10000032,130,31
2019/20,FCE_Primary_Obesity_Bariatric,Female,E10000034,65,24
2019/20,FCE_Primary_Obesity_Bariatric,Female,E12000001,455,35
2019/20,FCE_Primary_Obesity_Bariatric,Female,E12000002,475,13
2019/20,FCE_Primary_Obesity_Bariatric,Female,E12000003,355,13
2019/20,FCE_Primary_Obesity_Bariatric,Female,E12000004,270,12
2019/20,FCE_Primary_Obesity_Bariatric,Female,E12000005,815,29
2019/20,FCE_Primary_Obesity_Bariatric,Female,E12000006,370,12
2019/20,FCE_Primary_Obesity_Bariatric,Female,E12000007,1190,27
2019/20,FCE_Primary_Obesity_Bariatric,Female,E12000008,1025,23
2019/20,FCE_Primary_Obesity_Bariatric,Female,E12000009,450,17
2019/20,FCE_Primary_Obesity_Bariatric,Female,E92000001,5406,19.7
2019/20,FCE_Primary_Obesity_Bariatric,Male,E06000001,,9
2019/20,FCE_Primary_Obesity_Bariatric,Male,E06000002,10,12
2019/20,FCE_Primary_Obesity_Bariatric,Male,E06000003,,1
2019/20,FCE_Primary_Obesity_Bariatric,Male,E06000004,10,11
2019/20,FCE_Primary_Obesity_Bariatric,Male,E06000005,,4
2019/20,FCE_Primary_Obesity_Bariatric,Male,E06000006,,9
2019/20,FCE_Primary_Obesity_Bariatric,Male,E06000007,,7
2019/20,FCE_Primary_Obesity_Bariatric,Male,E06000008,,3
2019/20,FCE_Primary_Obesity_Bariatric,Male,E06000009,,3
2019/20,FCE_Primary_Obesity_Bariatric,Male,E06000010,,3
2019/20,FCE_Primary_Obesity_Bariatric,Male,E06000011,,5
2019/20,FCE_Primary_Obesity_Bariatric,Male,E06000012,,5
2019/20,FCE_Primary_Obesity_Bariatric,Male,E06000013,,6
2019/20,FCE_Primary_Obesity_Bariatric,Male,E06000014,0,0
2019/20,FCE_Primary_Obesity_Bariatric,Male,E06000015,,4
2019/20,FCE_Primary_Obesity_Bariatric,Male,E06000016,,1
2019/20,FCE_Primary_Obesity_Bariatric,Male,E06000017,0,0
2019/20,FCE_Primary_Obesity_Bariatric,Male,E06000018,,1
2019/20,FCE_Primary_Obesity_Bariatric,Male,E06000019,,3
2019/20,FCE_Primary_Obesity_Bariatric,Male,E06000020,10,14
2019/20,FCE_Primary_Obesity_Bariatric,Male,E06000021,25,23
2019/20,FCE_Primary_Obesity_Bariatric,Male,E06000022,,3
2019/20,FCE_Primary_Obesity_Bariatric,Male,E06000023,,3
2019/20,FCE_Primary_Obesity_Bariatric,Male,E06000024,,1
2019/20,FCE_Primary_Obesity_Bariatric,Male,E06000025,,3
2019/20,FCE_Primary_Obesity_Bariatric,Male,E06000026,,5
2019/20,FCE_Primary_Obesity_Bariatric,Male,E06000027,,5
2019/20,FCE_Primary_Obesity_Bariatric,Male,E06000030,,3
2019/20,FCE_Primary_Obesity_Bariatric,Male,E06000031,,4
2019/20,FCE_Primary_Obesity_Bariatric,Male,E06000032,10,8
2019/20,FCE_Primary_Obesity_Bariatric,Male,E06000033,,2
2019/20,FCE_Primary_Obesity_Bariatric,Male,E06000034,,7
2019/20,FCE_Primary_Obesity_Bariatric,Male,E06000035,10,9
2019/20,FCE_Primary_Obesity_Bariatric,Male,E06000036,,3
2019/20,FCE_Primary_Obesity_Bariatric,Male,E06000037,,8
2019/20,FCE_Primary_Obesity_Bariatric,Male,E06000038,,3
2019/20,FCE_Primary_Obesity_Bariatric,Male,E06000039,,5
2019/20,FCE_Primary_Obesity_Bariatric,Male,E06000040,,6
2019/20,FCE_Primary_Obesity_Bariatric,Male,E06000041,,6
2019/20,FCE_Primary_Obesity_Bariatric,Male,E06000042,10,8
2019/20,FCE_Primary_Obesity_Bariatric,Male,E06000043,15,9
2019/20,FCE_Primary_Obesity_Bariatric,Male,E06000044,20,22
2019/20,FCE_Primary_Obesity_Bariatric,Male,E06000045,,7
2019/20,FCE_Primary_Obesity_Bariatric,Male,E06000046,,1
2019/20,FCE_Primary_Obesity_Bariatric,Male,E06000047,30,12
2019/20,FCE_Primary_Obesity_Bariatric,Male,E06000049,,1
2019/20,FCE_Primary_Obesity_Bariatric,Male,E06000050,,1
2019/20,FCE_Primary_Obesity_Bariatric,Male,E06000051,10,5
2019/20,FCE_Primary_Obesity_Bariatric,Male,E06000052,15,7
2019/20,FCE_Primary_Obesity_Bariatric,Male,E06000053,0,0
2019/20,FCE_Primary_Obesity_Bariatric,Male,E06000054,10,4
2019/20,FCE_Primary_Obesity_Bariatric,Male,E06000055,,5
2019/20,FCE_Primary_Obesity_Bariatric,Male,E06000056,,3
2019/20,FCE_Primary_Obesity_Bariatric,Male,E06000057,,2
2019/20,FCE_Primary_Obesity_Bariatric,Male,E06000058,10,4
2019/20,FCE_Primary_Obesity_Bariatric,Male,E06000059,,4
2019/20,FCE_Primary_Obesity_Bariatric,Male,E08000001,10,7
2019/20,FCE_Primary_Obesity_Bariatric,Male,E08000002,,1
2019/20,FCE_Primary_Obesity_Bariatric,Male,E08000003,,1
2019/20,FCE_Primary_Obesity_Bariatric,Male,E08000004,,4
2019/20,FCE_Primary_Obesity_Bariatric,Male,E08000005,,5
2019/20,FCE_Primary_Obesity_Bariatric,Male,E08000006,,1
2019/20,FCE_Primary_Obesity_Bariatric,Male,E08000007,,1
2019/20,FCE_Primary_Obesity_Bariatric,Male,E08000008,,5
2019/20,FCE_Primary_Obesity_Bariatric,Male,E08000009,0,0
2019/20,FCE_Primary_Obesity_Bariatric,Male,E08000010,,3
2019/20,FCE_Primary_Obesity_Bariatric,Male,E08000011,10,14
2019/20,FCE_Primary_Obesity_Bariatric,Male,E08000012,,0
2019/20,FCE_Primary_Obesity_Bariatric,Male,E08000013,,1
2019/20,FCE_Primary_Obesity_Bariatric,Male,E08000014,10,9
2019/20,FCE_Primary_Obesity_Bariatric,Male,E08000015,,2
2019/20,FCE_Primary_Obesity_Bariatric,Male,E08000016,10,9
2019/20,FCE_Primary_Obesity_Bariatric,Male,E08000017,25,15
2019/20,FCE_Primary_Obesity_Bariatric,Male,E08000018,,2
2019/20,FCE_Primary_Obesity_Bariatric,Male,E08000019,10,4
2019/20,FCE_Primary_Obesity_Bariatric,Male,E08000021,,4
2019/20,FCE_Primary_Obesity_Bariatric,Male,E08000022,,5
2019/20,FCE_Primary_Obesity_Bariatric,Male,E08000023,15,18
2019/20,FCE_Primary_Obesity_Bariatric,Male,E08000024,25,17
2019/20,FCE_Primary_Obesity_Bariatric,Male,E08000025,30,6
2019/20,FCE_Primary_Obesity_Bariatric,Male,E08000026,10,8
2019/20,FCE_Primary_Obesity_Bariatric,Male,E08000027,10,8
2019/20,FCE_Primary_Obesity_Bariatric,Male,E08000028,10,6
2019/20,FCE_Primary_Obesity_Bariatric,Male,E08000029,10,10
2019/20,FCE_Primary_Obesity_Bariatric,Male,E08000030,10,9
2019/20,FCE_Primary_Obesity_Bariatric,Male,E08000031,,6
2019/20,FCE_Primary_Obesity_Bariatric,Male,E08000032,,2
2019/20,FCE_Primary_Obesity_Bariatric,Male,E08000033,0,0
2019/20,FCE_Primary_Obesity_Bariatric,Male,E08000034,0,0
2019/20,FCE_Primary_Obesity_Bariatric,Male,E08000035,,1
2019/20,FCE_Primary_Obesity_Bariatric,Male,E08000036,,2
2019/20,FCE_Primary_Obesity_Bariatric,Male,E08000037,10,10
2019/20,FCE_Primary_Obesity_Bariatric,Male,E09000001,0,0
2019/20,FCE_Primary_Obesity_Bariatric,Male,E09000002,,6
2019/20,FCE_Primary_Obesity_Bariatric,Male,E09000003,20,9
2019/20,FCE_Primary_Obesity_Bariatric,Male,E09000004,15,12
2019/20,FCE_Primary_Obesity_Bariatric,Male,E09000005,,4
2019/20,FCE_Primary_Obesity_Bariatric,Male,E09000006,,4
2019/20,FCE_Primary_Obesity_Bariatric,Male,E09000007,,5
2019/20,FCE_Primary_Obesity_Bariatric,Male,E09000008,20,10
2019/20,FCE_Primary_Obesity_Bariatric,Male,E09000009,20,12
2019/20,FCE_Primary_Obesity_Bariatric,Male,E09000010,,5
2019/20,FCE_Primary_Obesity_Bariatric,Male,E09000011,15,11
2019/20,FCE_Primary_Obesity_Bariatric,Male,E09000012,,4
2019/20,FCE_Primary_Obesity_Bariatric,Male,E09000013,10,15
2019/20,FCE_Primary_Obesity_Bariatric,Male,E09000014,,3
2019/20,FCE_Primary_Obesity_Bariatric,Male,E09000015,,4
2019/20,FCE_Primary_Obesity_Bariatric,Male,E09000016,,3
2019/20,FCE_Primary_Obesity_Bariatric,Male,E09000017,20,14
2019/20,FCE_Primary_Obesity_Bariatric,Male,E09000018,10,10
2019/20,FCE_Primary_Obesity_Bariatric,Male,E09000019,10,9
2019/20,FCE_Primary_Obesity_Bariatric,Male,E09000020,,4
2019/20,FCE_Primary_Obesity_Bariatric,Male,E09000021,,4
2019/20,FCE_Primary_Obesity_Bariatric,Male,E09000022,20,15
2019/20,FCE_Primary_Obesity_Bariatric,Male,E09000023,15,9
2019/20,FCE_Primary_Obesity_Bariatric,Male,E09000024,,4
2019/20,FCE_Primary_Obesity_Bariatric,Male,E09000025,10,5
2019/20,FCE_Primary_Obesity_Bariatric,Male,E09000026,,4
2019/20,FCE_Primary_Obesity_Bariatric,Male,E09000027,,2
2019/20,FCE_Primary_Obesity_Bariatric,Male,E09000028,15,11
2019/20,FCE_Primary_Obesity_Bariatric,Male,E09000029,,6
2019/20,FCE_Primary_Obesity_Bariatric,Male,E09000030,,4
2019/20,FCE_Primary_Obesity_Bariatric,Male,E09000031,,4
2019/20,FCE_Primary_Obesity_Bariatric,Male,E09000032,10,7
2019/20,FCE_Primary_Obesity_Bariatric,Male,E09000033,10,9
2019/20,FCE_Primary_Obesity_Bariatric,Male,E10000002,10,3
2019/20,FCE_Primary_Obesity_Bariatric,Male,E10000003,10,3
2019/20,FCE_Primary_Obesity_Bariatric,Male,E10000006,,2
2019/20,FCE_Primary_Obesity_Bariatric,Male,E10000007,15,4
2019/20,FCE_Primary_Obesity_Bariatric,Male,E10000008,10,3
2019/20,FCE_Primary_Obesity_Bariatric,Male,E10000011,25,10
2019/20,FCE_Primary_Obesity_Bariatric,Male,E10000012,10,2
2019/20,FCE_Primary_Obesity_Bariatric,Male,E10000013,,2
2019/20,FCE_Primary_Obesity_Bariatric,Male,E10000014,40,6
2019/20,FCE_Primary_Obesity_Bariatric,Male,E10000015,25,4
2019/20,FCE_Primary_Obesity_Bariatric,Male,E10000016,60,8
2019/20,FCE_Primary_Obesity_Bariatric,Male,E10000017,15,3
2019/20,FCE_Primary_Obesity_Bariatric,Male,E10000018,,2
2019/20,FCE_Primary_Obesity_Bariatric,Male,E10000019,10,2
2019/20,FCE_Primary_Obesity_Bariatric,Male,E10000020,10,2
2019/20,FCE_Primary_Obesity_Bariatric,Male,E10000021,15,4
2019/20,FCE_Primary_Obesity_Bariatric,Male,E10000023,10,3
2019/20,FCE_Primary_Obesity_Bariatric,Male,E10000024,10,2
2019/20,FCE_Primary_Obesity_Bariatric,Male,E10000025,,2
2019/20,FCE_Primary_Obesity_Bariatric,Male,E10000027,15,5
2019/20,FCE_Primary_Obesity_Bariatric,Male,E10000028,30,6
2019/20,FCE_Primary_Obesity_Bariatric,Male,E10000029,,2
2019/20,FCE_Primary_Obesity_Bariatric,Male,E10000030,35,6
2019/20,FCE_Primary_Obesity_Bariatric,Male,E10000031,15,5
2019/20,FCE_Primary_Obesity_Bariatric,Male,E10000032,25,6
2019/20,FCE_Primary_Obesity_Bariatric,Male,E10000034,15,6
2019/20,FCE_Primary_Obesity_Bariatric,Male,E12000001,115,9
2019/20,FCE_Primary_Obesity_Bariatric,Male,E12000002,100,3
2019/20,FCE_Primary_Obesity_Bariatric,Male,E12000003,90,3
2019/20,FCE_Primary_Obesity_Bariatric,Male,E12000004,55,3
2019/20,FCE_Primary_Obesity_Bariatric,Male,E12000005,200,7
2019/20,FCE_Primary_Obesity_Bariatric,Male,E12000006,90,3
2019/20,FCE_Primary_Obesity_Bariatric,Male,E12000007,300,7
2019/20,FCE_Primary_Obesity_Bariatric,Male,E12000008,285,6
2019/20,FCE_Primary_Obesity_Bariatric,Male,E12000009,95,4
2019/20,FCE_Primary_Obesity_Bariatric,Male,E92000001,1332,5
